"","Date","AL","DE","RU","TR","U2","UA","RS","HR","BA","GR","SI"
"1",Jan 1990,NA,1.6826,NA,0.00234965,NA,NA,NA,NA,NA,157.48,NA
"2",Feb 1990,NA,1.6918,NA,0.00241059,NA,NA,NA,NA,NA,159.855,NA
"3",Mar 1990,NA,1.6944,NA,0.00248651,NA,NA,NA,NA,NA,163.12,NA
"4",Apr 1990,NA,1.6803,NA,0.00252195,NA,NA,NA,NA,NA,164.66,NA
"5",May 1990,NA,1.691,NA,0.00259341,NA,NA,NA,NA,NA,165.795,NA
"6",Jun 1990,NA,1.6715,NA,0.00265734,NA,NA,NA,NA,NA,163.4,NA
"7",Jul 1990,NA,1.596,NA,0.00267233,NA,NA,NA,NA,NA,157.25,NA
"8",Aug 1990,NA,1.5622,NA,0.00269231,NA,NA,NA,NA,NA,154.67,NA
"9",Sep 1990,NA,1.5641,NA,0.00273626,NA,NA,NA,NA,NA,154.155,NA
"10",Oct 1990,NA,1.5191,NA,0.00277822,NA,NA,NA,NA,NA,153.57,NA
"11",Nov 1990,NA,1.505,NA,0.00281419,NA,NA,NA,NA,NA,154.73,NA
"12",Dec 1990,NA,1.494,NA,0.00293007,NA,NA,NA,NA,NA,157.625,NA
"13",Jan 1991,NA,1.49,NA,0.00304495,NA,NA,NA,NA,NA,158.68,NA
"14",Feb 1991,NA,1.5202,NA,0.00333367,NA,NA,NA,NA,NA,163.325,NA
"15",Mar 1991,NA,1.717,NA,0.00370429,NA,NA,NA,NA,NA,184.16,NA
"16",Apr 1991,NA,1.7325,NA,0.00395704,NA,NA,NA,NA,NA,188.405,NA
"17",May 1991,NA,1.7247,NA,0.00405494,NA,NA,NA,NA,NA,188.93,NA
"18",Jun 1991,NA,1.812,NA,0.00433466,NA,NA,NA,NA,NA,198.6,NA
"19",Jul 1991,NA,1.7458,NA,0.0043996,NA,NA,NA,NA,NA,192.045,NA
"20",Aug 1991,NA,1.7408,NA,0.0045964,NA,NA,NA,NA,NA,192.54,NA
"21",Sep 1991,NA,1.6631,NA,0.00472327,NA,NA,NA,NA,NA,184.98,NA
"22",Oct 1991,NA,1.6731,NA,0.00492907,NA,NA,NA,NA,NA,187.4,NA
"23",Nov 1991,NA,1.6318,NA,0.00506793,NA,NA,NA,NA,NA,185.62,NA
"24",Dec 1991,NA,1.516,NA,0.00507992,NA,NA,NA,NA,NA,175.28,56.6927
"25",Jan 1992,50,1.6137,NA,0.00549151,NA,NA,NA,0.088193,NA,186.175,59.9031
"26",Feb 1992,50,1.6378,NA,0.00587312,NA,NA,NA,0.09031,NA,189.22,78.5684
"27",Mar 1992,50,1.6427,NA,0.00624775,NA,NA,NA,0.110316,NA,190.7,83.1024
"28",Apr 1992,50,1.6598,NA,0.0066004,NA,NA,NA,0.155467,NA,194.28,84.5926
"29",May 1992,50,1.6128,NA,0.00682717,NA,NA,NA,0.181091,NA,192.36,83.0047
"30",Jun 1992,50,1.527,0.1,0.00687512,NA,NA,NA,0.221053,NA,185.62,76.9827
"31",Jul 1992,106.5,1.479,0.161,0.00706593,NA,NA,NA,0.242381,NA,181.84,77.0157
"32",Aug 1992,91.4,1.4097,0.205,0.00705794,NA,NA,NA,0.274619,NA,175.355,77.382
"33",Sep 1992,97,1.4093,0.254,0.00732467,NA,NA,NA,0.337662,NA,180.9,81.9926
"34",Oct 1992,96.3,1.537,0.398,0.00784615,NA,NA,NA,0.462035,NA,199.22,90.2769
"35",Nov 1992,97.9,1.6015,0.447,0.0082897,NA,NA,NA,0.618565,NA,208.9,96.5294
"36",Dec 1992,102.9,1.614,0.415,0.00856443,NA,0.00638,NA,0.798188,NA,214.58,98.7005
"37",Jan 1993,107,1.5935,0.572,0.00882317,NA,0.00931,NA,0.957866,NA,213.13,97.9455
"38",Feb 1993,106,1.643,0.593,0.0091948,NA,0.01036,NA,1.22687,NA,222.265,102.0626
"39",Mar 1993,107,1.6143,0.684,0.00946053,NA,0.0218,NA,1.556272,NA,220.55,104.2878
"40",Apr 1993,103,1.5802,0.823,0.00965933,NA,0.03,NA,1.920305,NA,214.62,104.8584
"41",May 1993,105.63,1.594,0.991,0.010133855,NA,0.02999,NA,2.430841,NA,216.21,109.406
"42",Jun 1993,105.5,1.6882,1.06,0.01087112,NA,0.0398,NA,3.195071,NA,230.32,118.9194
"43",Jul 1993,104.48,1.7397,0.99,0.01154345,NA,0.0576,NA,3.970554,NA,239,121.9331
"44",Aug 1993,100.01,1.6683,0.985,0.01160823,NA,0.0597,NA,4.774236,NA,235.6,117.2746
"45",Sep 1993,98.01,1.6199,1.201,0.01209399,NA,0.0597,NA,5.940311,NA,233.67,114.8327
"46",Oct 1993,96.55,1.6753,1.186,0.01298001,NA,0.0597,NA,6.849504,NA,239.97,122.3574
"47",Nov 1993,95.4,1.711,1.214,0.01373725,NA,0.0709,NA,6.382774,NA,245.7,128.519
"48",Dec 1993,98.7,1.7263,1.247,0.01447252,NA,0.1261,NA,6.561927,NA,249.22,131.842
"49",Jan 1994,100.7,1.7414,NA,0.01722076,NA,0.1261,NA,6.544056,NA,250.19,133.6798
"50",Feb 1994,101.5,1.7136,NA,0.01827871,NA,0.1261,NA,6.178019,NA,248.25,133.7113
"51",Mar 1994,100.52,1.672,1.753,0.02215982,NA,0.1261,NA,6.138887,NA,246.02499,131.8105
"52",Apr 1994,100.6,1.664,NA,0.03412084,NA,0.1261,NA,6.144476,NA,246.2,131.5236
"53",May 1994,98.85,1.6412,NA,0.03176221,NA,0.151,NA,6.1213,NA,242.39999,130.6241
"54",Jun 1994,93.26,1.5954,1.985,0.03119478,NA,0.175,NA,5.8656,NA,240.87,126.0185
"55",Jul 1994,90.43,1.5958,NA,0.03104792,NA,0.195,NA,5.888,NA,240.7,127.1292
"56",Aug 1994,86.21,1.583,NA,0.03298399,NA,0.205,NA,5.8476,NA,239.99001,126.2031
"57",Sep 1994,84.72,1.5483,2.596,0.0340729,NA,0.28,NA,5.7261,NA,236,124.3735
"58",Oct 1994,88.72,1.512,NA,0.035859,NA,0.786,NA,5.4919,NA,232.83,120.9016
"59",Nov 1994,94.63,1.5708,NA,0.0363595,NA,1.086,NA,5.6979,NA,241.92999,126.9665
"60",Dec 1994,95.59,1.5488,3.55,0.038726,NA,1.042,NA,5.6287,NA,240.10001,126.4576
"61",Jan 1995,94.26,1.5088,4.004,0.0404335,NA,1.172,NA,5.4954,NA,235.2,124.0781
"62",Feb 1995,92.69,1.4611,4.407,0.0413735,NA,1.262,NA,5.2908,NA,233,119.2618
"63",Mar 1995,93.27,1.3837,4.897,0.041831,NA,1.301,NA,4.9972,NA,225.97501,112.4198
"64",Apr 1995,92.65,1.3812,5.1,0.042374,NA,1.3,NA,4.9518,NA,224.68,112.4746
"65",May 1995,92.57,1.3887,4.995,0.042695,NA,1.358,NA,4.991,NA,224.895,112.7549
"66",Jun 1995,91.71,1.3837,4.538,0.043913,NA,1.415,NA,5.0422,NA,225.095,113.6453
"67",Jul 1995,90.32,1.3805,4.415,0.044993,NA,1.473,NA,5.0071,NA,223.95,112.8547
"68",Aug 1995,92.75,1.4665,4.435,0.047963,NA,1.63,NA,5.3643,NA,235.75,120.7082
"69",Sep 1995,93.32,1.4188,4.508,0.049006,NA,1.701,NA,5.255,NA,231.06,117.8946
"70",Oct 1995,91.35,1.4134,4.504,0.051113,NA,1.772,NA,5.2534,NA,232.705,119.7319
"71",Nov 1995,94.22,1.4367,4.578,0.054599,NA,1.786,NA,5.3393,NA,236.10001,124.1426
"72",Dec 1995,94.24,1.4335,4.64,0.05965,NA,1.794,NA,5.3161,NA,237.03999,125.9902
"73",Jan 1996,97.19,1.4918,4.732,0.06266,NA,1.874,NA,5.5057,NA,246.535,132.6852
"74",Feb 1996,97.82,1.4667,4.815,0.0659515,NA,1.893,NA,5.3706,NA,240.53999,131.3869
"75",Mar 1996,100.52,1.4757,4.854,0.0707515,NA,1.869,NA,5.4576,NA,241.02,133.69
"76",Apr 1996,104.64,1.5294,4.932,0.0744215,NA,1.833,NA,5.5669,NA,243.32001,137.51
"77",May 1996,109.35,1.5341,5.014,0.078225,NA,1.841004,NA,5.5769,NA,242.5,137.67
"78",Jun 1996,111.71,1.5219,5.108,0.081485,NA,1.786,NA,5.4426,NA,240.79,136.61
"79",Jul 1996,111.21,1.4704,5.191,0.083003,NA,1.76,NA,5.258,NA,234.58,131.94
"80",Aug 1996,108.03,1.4809,5.345,0.0860175,NA,1.761,NA,5.2553,NA,236.86,131.97
"81",Sep 1996,107.79,1.5268,5.396,0.0915575,NA,1.76,NA,5.4255,NA,241.3,136.48
"82",Oct 1996,104.91,1.5126,5.455,0.0958725,NA,1.81,NA,5.3869,NA,237.56,137.03
"83",Nov 1996,100.41,1.5344,5.511,0.101575,NA,1.887,NA,5.4659,NA,241.56,139.79
"84",Dec 1996,103.07,1.5548,5.56,0.107775,NA,1.889,NA,5.5396,NA,247.02,141.48
"85",Jan 1997,128.08,1.6336,5.629,0.11561,NA,1.879,NA,5.8452,1.63360000055128,257.12,149.24
"86",Feb 1997,144.13,1.6912,5.676,0.121785,NA,1.836,NA,6.0366,1.69120000057072,265.5,154
"87",Mar 1997,148.5,1.6778,5.726,0.127355,NA,1.85,NA,5.9917,1.6778000005662,265.87,153.13
"88",Apr 1997,148.33,1.7274,5.762,0.134955,NA,1.841,NA,6.2002,1.72740000058294,274.60001,157.98
"89",May 1997,175.1,1.7,5.773,0.140055,NA,1.86,NA,6.0822,1.70000000057369,271.25,154.63
"90",Jun 1997,178.74,1.7441,5.782,0.148045,NA,1.857,NA,6.1665,1.74410000058857,275.22,156.87
"91",Jul 1997,145.17,1.8325,5.798,0.159045,NA,1.857,NA,6.5598,1.8325000006184,286.45999,168.48
"92",Aug 1997,155.69,1.794,5.83,0.16581,NA,1.857,NA,6.3804,1.79400000060541,282.82999,166.18
"93",Sep 1997,147.4,1.7655,5.86,0.17363,NA,1.868,NA,6.239,1.76550000059579,278.91,165.06
"94",Oct 1997,143.71,1.723,5.887,0.180675,NA,1.875,NA,6.0603,1.72300000058145,271.32001,162.09
"95",Nov 1997,144.58,1.7637,5.919,0.193885,NA,1.887,NA,6.2253,1.76370000059519,277.05,166.62
"96",Dec 1997,149.14,1.7921,5.96,0.205605,NA,1.899,5.9123,6.3031,1.79210000060477,282.60999,169.18
"97",Jan 1998,152.89,1.8265,6.026,0.214705,NA,1.9295,NA,6.4224,1.82650000061638,289.26001,172.39
"98",Feb 1998,158.51,1.8112,6.072,0.22905,NA,2.0149,NA,6.3848,1.81120000061122,286.67001,171.08
"99",Mar 1998,160.17,1.8468,6.106,0.242215,NA,2.0383,NA,6.4907,1.84680000062323,319.79999,172.67
"100",Apr 1998,158.23,1.7948,6.133,0.24902,NA,2.041,NA,6.4313,1.79480000060568,316.03,168.35
"101",May 1998,154.21,1.7823,6.164,0.256555,NA,2.0575,NA,6.4698,1.78230000060146,305.35999,166.61
"102",Jun 1998,152.75,1.8087,6.198,0.26552,NA,2.0635,NA,6.5993,1.80870000061037,305.32,169.7
"103",Jul 1998,148.16,1.7795,6.238,0.26991,NA,2.1342,NA,6.4124,1.77950000060052,296.35001,166.69
"104",Aug 1998,149.92,1.7723,7.905,0.276685,NA,2.25,NA,6.444,1.77230000059809,306.53,169.14
"105",Sep 1998,146.16,1.6759,16.0645,0.276875,NA,3.4,NA,6.1707,1.67590000056556,289.09,158.08
"106",Oct 1998,141.09,1.6508,16.01,0.28577,NA,3.428,NA,6.173,1.65080000055709,281.01001,156.74
"107",Nov 1998,141.21,1.702,17.88,0.30309,NA,3.427,NA,6.3553,1.70200000057437,286.17999,162.91
"108",Dec 1998,140.58,1.673,20.65,0.314464,NA,3.427,10.0308,6.2475,1.67300000056458,282.57001,161.2
"109",Jan 1999,139.6,NA,22.6,0.331403,0.878425860857344,3.427,NA,6.480515,1.71805165144062,281.47,165.88
"110",Feb 1999,141.1,NA,22.86,0.351559,0.907605736068252,3.583,NA,6.869506,1.77512252677437,292.05,172.03
"111",Mar 1999,147.67,NA,24.18,0.368269,0.930925339787749,3.9356,NA,7.089117,1.82073170731707,303.89999,177.71
"112",Apr 1999,144.15,NA,24.23,0.389311,0.943663300934227,3.9244,NA,7.158725,1.84564499386619,307.41,180.3
"113",May 1999,139.95,NA,24.44,0.405618,0.956388676358072,3.9247,NA,7.262854,1.87053366488141,310.23999,183.81
"114",Jun 1999,136.88,NA,24.22,0.42035,0.968241673121611,3.9489,NA,7.338988,1.89371611154144,314.44,187.88
"115",Jul 1999,135.5,NA,24.19,0.426961,0.935103796521414,4.2006,NA,7.096028,1.82890405835048,303.88,183.42
"116",Aug 1999,135.7,NA,24.75,0.444021,0.9458053532583,4.381,NA,7.261254,1.84983448406318,309.8,188.46
"117",Sep 1999,134.1,NA,25.08,0.459497,0.93764650726676,4.4697,NA,7.249079,1.83387716830755,308.27,184.4224
"118",Oct 1999,133.93,NA,26.05,0.47847,0.956937799043062,4.5032,NA,7.315275,1.87160765550239,316.04,188.049
"119",Nov 1999,135.48,NA,26.42,0.514911,0.99039318609488,4.7071,NA,7.570394,1.93704070515995,324.99,194.57
"120",Dec 1999,135.12,NA,27,0.5414,0.995421063109695,5.2163,11.6615,7.647654,1.94687437786184,328.44,196.7705
"121",Jan 2000,139.67,NA,28.55,0.559227,1.02134613420488,5.4755,NA,7.838402,1.99757940966193,337.9,201.4
"122",Feb 2000,139.97,NA,28.66,0.573436,1.02944204241301,5.4973,NA,7.982711,2.01341362981264,342.38,206.97
"123",Mar 2000,141.05,NA,28.46,0.589478,1.04679158379567,5.4276,NA,8.081238,2.04734638333508,350.33,211.0681
"124",Apr 2000,144.82,NA,28.4,0.610774,1.10071546505228,5.4015,NA,8.494217,2.15281232801321,365.4,223.9083
"125",May 2000,144.11,NA,28.25,0.616224,1.07492206815006,5.4144,NA,8.286196,2.10236482854993,362.13,218.1237
"126",Jun 2000,139.62,NA,28.07,0.619588,1.04646295521139,5.4378,NA,8.046248,2.04670364169108,351.78,216.0032
"127",Jul 2000,141.48,NA,27.8,0.637046,1.08189981607703,5.4388,NA,8.195787,2.11601211727794,365.02,222.7796
"128",Aug 2000,147.01,NA,27.75,0.655024,1.12283853581855,5.4385,NA,8.50921,2.19608129350999,377.29,234.1754
"129",Sep 2000,146.95,NA,27.75,0.667491,1.14090131203651,5.4397,NA,8.528796,2.23140901312037,385.56,238.2366
"130",Oct 2000,149.95,NA,27.83,0.684332,1.18807175953428,5.4369,NA,8.890303,2.32366638944992,403.38,246.4111
"131",Nov 2000,149.36,NA,27.85,0.683746,1.15154306771073,5.4367,NA,8.773159,2.25222247812068,392.43,243.6839
"132",Dec 2000,142.64,NA,28.16,0.673385,1.07469102632993,5.4345,63.1659,8.155344,2.10191295002687,365.62,227.3771
"133",Jan 2001,142.43,NA,28.37,0.678062,1.07607876896589,5.4306,NA,8.376866,2.10462713870655,NA,231.978
"134",Feb 2001,143.25,NA,28.72,0.922899,1.08131487889273,5.4288,NA,8.418701,2.11486807958478,NA,234.0365
"135",Mar 2001,146.86,NA,28.74,1.023021,1.13224637681159,5.4192,67.2298,8.722122,2.21448143115942,NA,244.1283
"136",Apr 2001,145.01,NA,28.83,1.140437,1.12663361874718,5.4158,NA,8.358607,2.2035038305543,NA,240.6122
"137",May 2001,149.04,NA,29.09,1.209056,1.17924528301887,5.4152,NA,8.504916,2.30640330188679,NA,253.2254
"138",Jun 2001,148.58,NA,29.11,1.255794,1.17924528301887,5.3828,NA,8.646132,2.30640330188679,NA,256.2949
"139",Jul 2001,145.39,NA,29.27,1.326299,1.14220445459737,5.3535,NA,8.21719,2.23395773843518,NA,249.555
"140",Aug 2001,142.93,NA,29.37,1.361508,1.0919414719371,5.3404,NA,8.372541,2.13565188905875,NA,241.0831
"141",Sep 2001,141.65,NA,29.39,1.552329,1.09517029898149,5.3311,65.4251,8.230964,2.14196692585697,NA,239.5822
"142",Oct 2001,140.85,NA,29.7,1.591232,1.1059500110595,5.2937,NA,8.220879,2.1630502101305,NA,242.7704
"143",Nov 2001,138.81,NA,29.9,1.477524,1.12384805574286,5.2831,67.7111,8.361883,2.19805574286357,NA,248.0418
"144",Dec 2001,136.55,NA,30.14,1.450127,1.13468739362306,5.2985,67.6702,8.356043,2.21925564506978,NA,250.9458
"145",Jan 2002,142.68,NA,30.685,1.308488,1.15780942456872,5.321,69.5449,8.741603,2.26447840685423,NA,257.0085
"146",Feb 2002,140.75,NA,30.9274,1.398394,1.15593572997341,5.3215,69.5073,8.600657,2.2608137787539,NA,258.1494
"147",Mar 2002,143.81,NA,31.1192,1.34102,1.14626318202659,5.3221,69.0655,8.494991,2.24189591930307,NA,257.2488
"148",Apr 2002,144.87,NA,31.1963,1.335096,1.1101243339254,5.327,66.9866,8.185742,2.17121447602131,NA,248.8107
"149",May 2002,146.08,NA,31.3071,1.441478,1.0653030787259,5.3293,64.6228,7.928032,2.08355172046447,NA,240.9379
"150",Jun 2002,139.75,NA,31.4471,1.572927,1.00250626566416,5.3288,61.3468,7.359729,1.96073182957393,NA,226.877
"151",Jul 2002,138.16,NA,31.4401,1.685923,1.02218133496882,5.329,61.9492,7.52274,1.99921292037207,NA,230.8874
"152",Aug 2002,140.1,NA,31.5673,1.625257,1.01698362656361,5.3293,61.8382,7.488902,1.98904708634191,NA,231.0362
"153",Sep 2002,138.89,NA,31.6358,1.654436,1.01419878296146,5.3295,62.3323,7.504951,1.98360040567951,NA,233.4731
"154",Oct 2002,138.14,NA,31.7408,1.666521,1.01378751013788,5.3302,62.1066,7.627325,1.98279602595296,NA,232.9672
"155",Nov 2002,137.88,NA,31.8424,1.539042,1.00735368187771,5.3304,62.0116,7.482809,1.97021255162688,NA,231.2675
"156",Dec 2002,133.74,NA,31.7844,1.643699,0.953561552398207,5.3324,58.9848,7.145744,1.86500429102699,NA,221.0708
"157",Jan 2003,130.51,NA,31.8222,1.639474,0.924556213017752,5.3329,57.7959,7.035165,1.80827477810651,NA,214.872
"158",Feb 2003,129.98,NA,31.5762,1.59241,0.927471712112781,5.3345,58.6578,7.052737,1.81397699870154,NA,214.0005
"159",Mar 2003,129.19,NA,31.3805,1.704173,0.917852225791648,5.3345,60.1822,7.164976,1.79516291877008,NA,216.3266
"160",Apr 2003,126.29,NA,31.1,1.571058,0.898391878537418,5.3337,58.3232,6.889392,1.75710178779984,NA,212.0834
"161",May 2003,118.37,NA,30.709,1.438123,0.845880561664693,5.333,55.2729,6.368836,1.65439857892066,NA,197.1273
"162",Jun 2003,118.47,NA,30.3483,1.411042,0.875120329045244,5.3328,56.1586,6.574019,1.71158659315656,NA,204.707
"163",Jul 2003,119.62,NA,30.2596,1.4152215,0.883548330093656,5.3318,56.8509,6.591079,1.72807033044708,NA,204.982
"164",Aug 2003,123.94,NA,30.5036,1.396149,0.915164271986822,5.3315,59.8891,6.835209,1.78990573807999,NA,215.4194
"165",Sep 2003,118.1,NA,30.6119,1.3877165,0.858221764503948,5.3315,57.5579,6.630502,1.67853587366976,NA,206.1414
"166",Oct 2003,116.01,NA,29.8584,1.4824775,0.86043710204784,5.3319,57.1951,6.494472,1.68286869729823,NA,201.3032
"167",Nov 2003,113.66,NA,29.7387,1.4587945,0.833750208437552,5.332,56.7386,6.383013,1.63067367016842,NA,196.9977
"168",Dec 2003,106.58,NA,29.4545,1.396638,0.791765637371338,5.3315,54.6372,6.118506,1.54855898653998,NA,189.3674
"169",Jan 2004,107.27,NA,28.4937,1.3402255,0.80749354005168,5.3311,55.5823,6.18818,1.57932009043928,NA,191.6142
"170",Feb 2004,105.74,NA,28.5156,1.324493,0.805282654211628,5.3299,56.1165,6.138379,1.57499597358673,NA,191.5332
"171",Mar 2004,106.51,NA,28.4853,1.3133785,0.818062827225131,5.3293,57.2178,6.055879,1.59999181937173,NA,194.8098
"172",Apr 2004,106.9,NA,28.8834,1.420717,0.837030216790826,5.3287,59.414,6.365506,1.637088808906,NA,201.7216
"173",May 2004,104.51,NA,28.985,1.495615,0.816593173281071,5.325,58.028,6.016626,1.59711742609832,NA,194.8189
"174",Jun 2004,106.6,NA,29.0274,1.489495,0.822706705059646,5.3207,59.3259,6.057925,1.60907445495681,NA,196.7634
"175",Jul 2004,103.99,NA,29.1019,1.466181,0.830633773569233,5.316,60.5537,6.148056,1.62457845335991,NA,198.9067
"176",Aug 2004,103.83,NA,29.2447,1.505744,0.825695648583932,5.3116,61.2338,6.136718,1.61492032036991,NA,199.1261
"177",Sep 2004,101.22,NA,29.2171,1.50096,0.805866709646225,5.3077,60.8273,6.125996,1.57613828672738,NA,194.8236
"178",Oct 2004,99.32,NA,28.7655,1.473698,0.785114234121065,5.3065,59.7703,5.874864,1.535549972521,NA,188.0003
"179",Nov 2004,96.97,NA,28.2367,1.429452,0.752162467092892,5.3062,58.3001,5.731289,1.47110191801429,NA,180.8958
"180",Dec 2004,92.64,NA,27.7487,1.3395,0.734160487482564,5.3054,57.9355,5.636883,1.43589310623302,NA,176.2427
"181",Jan 2005,96.87,NA,28.0845,1.3327,0.760861294985924,5.3039,61.5177,5.784488,1.48811534657232,NA,183.9439
"182",Feb 2005,96.01,NA,27.7738,1.2816,0.75431847325941,5.299,61.0366,5.70263,1.47531869955495,NA,182.2083
"183",Mar 2005,97.15,NA,27.8256,1.34945,0.771366862079605,5.2808,62.4919,5.744312,1.50866244986115,NA,185.204
"184",Apr 2005,96.41,NA,27.7726,1.38775,0.771783591880837,5.05,63.0545,5.679807,1.5094775025083,NA,184.9872
"185",May 2005,100.08,NA,28.0919,1.35825,0.810964236477171,5.05,65.5376,5.83737,1.58610818262915,NA,191.6732
"186",Jun 2005,102.76,NA,28.6721,1.3369,0.826993053258353,5.055,68.6531,6.062782,1.61745782335428,NA,198.6312
"187",Jul 2005,100.45,NA,28.6341,1.3244,0.826924667162821,5.05,69.1901,6.040353,1.61732407177706,NA,198.1451
"188",Aug 2005,100.84,NA,28.545,1.35055,0.819806525659944,5.05,69.103,6.042879,1.60340219708149,NA,196.6218
"189",Sep 2005,102.58,NA,28.4989,1.34545,0.830426839395449,5.05,70.2147,6.170631,1.6241737252948,NA,198.702
"190",Oct 2005,101.99,NA,28.4244,1.34495,0.831739166597355,5.05,70.3687,6.075067,1.62674041420611,NA,197.2381
"191",Nov 2005,104.26,NA,28.7312,1.35325,0.849689863199932,5.05,73.0843,6.264446,1.66184892514232,NA,202.7026
"192",Dec 2005,103.58,NA,28.7825,1.34505,0.847673137238281,5.05,72.2189,6.233626,1.65790455200475,NA,202.4297
"193",Jan 2006,102,NA,28.1207,1.3231,0.825218682950982,5.05,72.0538,6.092667,1.61398745667602,NA,198.151
"194",Feb 2006,103.12,NA,28.1223,1.30915,0.842105263157895,5.05,73.8282,6.164651,1.64701473684211,NA,202.0974
"195",Mar 2006,101.53,NA,27.7626,1.34495,0.826173165895572,5.05,71.9554,6.065055,1.61585426305354,NA,198.5145
"196",Apr 2006,98,NA,27.2739,1.31865,0.797638988593762,5.05,68.7336,5.807934,1.56004626306134,NA,190.9158
"197",May 2006,95.84,NA,26.984,1.56375,0.777121541809139,5.05,68.1743,5.650837,1.51991762511657,NA,186.1996
"198",Jun 2006,97.08,NA,27.0789,1.5735,0.7865963973885,5.05,68.586,5.790297,1.53844883190435,NA,191.2896
"199",Jul 2006,95.68,NA,26.8718,1.48465,0.783269366335083,5.05,65.4317,5.719107,1.53194172475914,NA,189.1008
"200",Aug 2006,95.59,NA,26.7379,1.4513,0.778149560345498,5.05,65.9803,5.702954,1.52192825461054,NA,186.9401
"201",Sep 2006,97.07,NA,26.7799,1.5007,0.789889415481833,5.05,64.5314,5.827105,1.54488941548183,NA,189.1071
"202",Oct 2006,97.33,NA,26.7477,1.4575,0.787649653434153,5.05,62.8351,5.792143,1.54050882167612,NA,188.3204
"203",Nov 2006,94.13,NA,26.3147,1.4493,0.757575757575758,5.05,59.7191,5.574718,1.48168939393939,NA,182.1113
"204",Dec 2006,94.14,NA,26.3311,1.409,0.759301442672741,5.05,59.9757,5.578401,1.48506454062263,NA,181.9314
"205",Jan 2007,96.37,NA,26.5331,1.4169,0.771962328238382,5.05,60.9474,5.691108,1.50982708043847,NA,184.993
"206",Feb 2007,95.55,NA,26.1599,1.4164,0.756944970100674,5.05,60.516,5.562929,1.480455680872,NA,181.394
"207",Mar 2007,94.98,NA,26.0113,1.38345,0.750863493016969,5.05,61.1088,5.542808,1.46856134554738,NA,NA
"208",Apr 2007,93.01,NA,25.6851,1.364,0.735023888276369,5.05,59.1871,5.414438,1.43758177140757,NA,NA
"209",May 2007,92.45,NA,25.9031,1.3198,0.743328625585371,5.05,60.4437,5.439591,1.45382442577864,NA,NA
"210",Jun 2007,90.52,NA,25.8162,1.30775,0.740466493891151,5.05,58.7812,5.422645,1.44822658274713,NA,NA
"211",Jul 2007,88.85,NA,25.5999,1.27765,0.729554242357919,5.05,58.0115,5.337427,1.42688407383089,NA,NA
"212",Aug 2007,90.44,NA,25.6494,1.2945,0.729660707770887,5.05,58.4846,5.372433,1.42709230207953,NA,NA
"213",Sep 2007,86.88,NA,24.9493,1.2077,0.705268354608929,5.05,55.6768,5.136955,1.37938500599478,NA,NA
"214",Oct 2007,84.93,NA,24.7238,1.17445,0.692185228767218,5.05,53.4866,5.106691,1.35379663597979,NA,NA
"215",Nov 2007,82,NA,24.3506,1.17435,0.677460876634374,5.05,57.4448,4.962455,1.32499830634781,NA,NA
"216",Dec 2007,82.89,NA,24.5462,1.1708,0.679301677875144,5.05,53.7267,4.985456,1.32859860063854,NA,NA
"217",Jan 2008,82.61,NA,24.4764,1.1708,0.672494956287828,5.05,55.5812,4.896241,1.31528581035642,NA,NA
"218",Feb 2008,82.58,NA,24.1159,1.19345,0.659326168655634,5.05,54.9681,4.823034,1.28952990044175,NA,NA
"219",Mar 2008,78.29,NA,23.5156,1.30955,0.632431065013914,5.05,52.1275,4.593981,1.23692764988616,NA,NA
"220",Apr 2008,78.94,NA,23.6471,1.288,0.643500643500644,5.05,51.4607,4.665224,1.25857786357786,NA,NA
"221",May 2008,78.65,NA,23.7384,1.2096,0.644828475625484,4.852,53.0883,4.677703,1.26117487748259,NA,NA
"222",Jun 2008,77.17,NA,23.4573,1.22155,0.634356762243085,4.8489,50.0117,4.594968,1.24069398629789,NA,NA
"223",Jul 2008,78.01,NA,23.4456,1.1592,0.64057395426302,4.8451,49.3962,4.633084,1.25285375696624,NA,NA
"224",Aug 2008,82.66,NA,24.5769,1.17745,0.678656260604004,4.8457,51.795,4.858978,1.32733627417713,NA,NA
"225",Sep 2008,86.38,NA,25.2464,1.23455,0.699154023631406,4.861,53.2776,4.961427,1.36742641403901,NA,NA
"226",Oct 2008,96.78,NA,26.543,1.56405,0.783883358156306,5.7604,66.337,5.469956,1.53314258838285,NA,NA
"227",Nov 2008,95.33,NA,27.606,1.56615,0.785731122809775,6.7418,69.0206,5.539349,1.53675650192504,NA,NA
"228",Dec 2008,87.91,NA,29.3804,1.52545,0.71854566357692,7.7,62.9,5.155504,1.40535316519365,NA,NA
"229",Jan 2009,98.1,NA,35.4146,1.63845,0.780274656679151,7.7,72.8676,5.724163,1.52608458177278,NA,NA
"230",Feb 2009,102.49,NA,35.7205,1.69145,0.79088895919013,7.7,73.6802,5.838567,1.54684435305283,NA,NA
"231",Mar 2009,98.63,NA,34.0134,1.6722,0.751427712654043,7.7,71.5898,5.660151,1.46966486324016,NA,NA
"232",Apr 2009,98.48,NA,33.2491,1.5824,0.753295668549906,7.7,71.641,5.610218,1.47331826741996,NA,NA
"233",May 2009,94.45,NA,30.9843,1.5382,0.709320470988793,7.6188,67.7362,5.204211,1.38731025677401,NA,NA
"234",Jun 2009,92.73,NA,31.2904,1.5284,0.707513796519032,7.6303,66.2471,5.204507,1.38377670864582,NA,NA
"235",Jul 2009,91.9,NA,31.7555,1.47265,0.707313622860376,7.698,65.9261,5.209672,1.38338520299901,NA,NA
"236",Aug 2009,92.67,NA,31.5687,1.499,0.70067264573991,7.989,65.1457,5.107545,1.37039658071749,NA,NA
"237",Sep 2009,91.88,NA,30.0922,1.48055,0.682920166632521,8.01,63.5975,4.9995,1.33567574950488,NA,NA
"238",Oct 2009,92.62,NA,29.0488,1.4862,0.675675675675676,8,62.9953,4.867522,1.32150675675676,NA,NA
"239",Nov 2009,91.76,NA,29.8179,1.4861,0.665646009452173,7.9809,62.9287,4.9059,1.30189043466684,NA,NA
"240",Dec 2009,95.81,NA,30.2442,1.4909,0.69415521310565,7.985,66.7285,5.0893,1.35764959044842,NA,NA
"241",Jan 2010,99.6,NA,30.4312,1.4867,0.716024631247315,8.0012,70.6428,5.236361,1.40042245453244,NA,NA
"242",Feb 2010,102.15,NA,29.9484,1.5398,0.736919675755343,7.99,73.2978,5.342054,1.44128960943257,NA,NA
"243",Mar 2010,103.31,NA,29.3638,1.51935,0.741894799317457,7.925,74.3814,5.392463,1.45102010534906,NA,NA
"244",Apr 2010,103.42,NA,29.2886,1.47745,0.751032669921142,7.9259,74.9647,5.473884,1.46889222681187,NA,NA
"245",May 2010,111.63,NA,30.4956,1.5703,0.812545705695945,7.9251,83.4188,5.852635,1.5892012675713,NA,NA
"246",Jun 2010,111.44,NA,31.1954,1.5775,0.814929508597506,7.907,85.4794,5.897241,1.59386358080026,NA,NA
"247",Jul 2010,105.03,NA,30.1869,1.50815,0.767577525330058,7.8932,81.2371,5.57664,1.50125115136629,NA,NA
"248",Aug 2010,108.13,NA,30.664,1.52455,0.788643533123028,7.8861,83.0002,5.719321,1.54245268138801,NA,NA
"249",Sep 2010,101.46,NA,30.403,1.4469,0.732708089097304,7.9135,78.1099,5.361523,1.43305246189918,NA,NA
"250",Oct 2010,100.23,NA,30.7821,1.43355,0.721656924298189,7.9116,77.3357,5.311386,1.41143826225013,NA,NA
"251",Nov 2010,106.49,NA,31.3061,1.5027,0.769349130635482,7.938,81.7592,5.623588,1.50471611017079,NA,NA
"252",Dec 2010,104,NA,30.4769,1.5413,0.74839095943721,7.9617,79.2802,5.568252,1.46372549019608,NA,NA
"253",Jan 2011,102.16,NA,29.6684,1.603,0.730353491089687,7.94,76.8138,5.393333,1.42844726847794,NA,NA
"254",Feb 2011,101.25,NA,28.9405,1.5967,0.722856729796154,7.9307,74.9954,5.376954,1.41378487783721,NA,NA
"255",Mar 2011,99.04,NA,28.429,1.54,0.703878369817695,7.96,71.2224,5.244216,1.37666643204054,NA,NA
"256",Apr 2011,95.9,NA,27.5022,1.5178,0.672947510094213,7.9654,67.1401,4.947426,1.31617092866756,NA,NA
"257",May 2011,98.58,NA,28.0685,1.5897,0.695168578380257,7.9706,67.4176,5.2033,1.35963156065346,NA,NA
"258",Jun 2011,97.68,NA,28.0758,1.6196,0.691897875873521,7.9723,70.6398,5.127205,1.35323462256971,NA,NA
"259",Jul 2011,98.16,NA,27.6796,1.6774,0.701262272089762,7.9712,71.2517,5.21598,1.37154978962132,NA,NA
"260",Aug 2011,97.28,NA,28.8569,1.7496,0.692041522491349,7.9707,70.4024,5.183776,1.35351557093426,NA,NA
"261",Sep 2011,104.19,NA,31.8751,1.8557,0.740576168258905,7.9727,74.6776,5.493894,1.44844108716581,NA,NA
"262",Oct 2011,101.24,NA,29.8977,1.75,0.714234697521606,7.977,71.7957,5.282519,1.39692164845368,NA,NA
"263",Nov 2011,105.23,NA,31.3216,1.84535,0.745267551050827,7.9897,78.0235,5.588869,1.45761663437174,NA,NA
"264",Dec 2011,107.54,NA,32.1961,1.89345,0.772857253265322,7.9898,80.8662,5.8199,1.51157740165391,NA,NA
"265",Jan 2012,105.3,NA,30.3647,1.76825,0.758955676988464,7.9897,80.3926,5.764975,1.48438828172435,NA,NA
"266",Feb 2012,104.12,NA,28.9503,1.7417,0.743881574053411,7.9867,81.7833,5.633652,1.45490589898088,NA,NA
"267",Mar 2012,105.2,NA,29.3282,1.7772,0.748727163821504,7.9867,83.3129,5.62358,1.46438304881701,NA,NA
"268",Apr 2012,106.04,NA,29.3627,1.7531,0.756773119418798,7.9899,84.4387,5.695712,1.48011957015287,NA,NA
"269",May 2012,111.92,NA,32.4509,1.84485,0.806256550834476,7.9925,94.1027,6.07243,1.57690074981859,NA,NA
"270",Jun 2012,109.86,NA,32.8169,1.81085,0.79428117553614,7.9925,92.1476,5.972247,1.55347895154885,NA,NA
"271",Jul 2012,111.95,NA,32.19,1.7907,0.81406707912732,7.993,95.8016,6.124391,1.59217681536959,NA,NA
"272",Aug 2012,110.09,NA,32.2934,1.81545,0.792958528268972,7.993,94.7386,5.95832,1.5508920783443,NA,NA
"273",Sep 2012,108.34,NA,30.9169,1.789,0.773395204949729,7.993,88.9377,5.757145,1.51262954369683,NA,NA
"274",Oct 2012,107.62,NA,31.5252,1.7896,0.769645193565766,7.993,87.4237,5.816192,1.50529515893173,NA,NA
"275",Nov 2012,107.58,NA,31.0565,1.7817,0.770060064685045,7.993,86.6511,5.814016,1.50610657631295,NA,NA
"276",Dec 2012,105.85,NA,30.3727,1.7819,0.757920266787934,7.993,86.1763,5.726794,1.48236319539185,NA,NA
"277",Jan 2013,103,NA,30.0277,1.75905,0.738007380073801,7.993,82.1625,5.594294,1.44341697416974,NA,NA
"278",Feb 2013,106.48,NA,30.6202,1.8066,0.761672633102293,7.993,84.8448,5.79589,1.48970218600046,NA,NA
"279",Mar 2013,109.15,NA,31.0834,1.81535,0.780944943381492,7.993,87.4258,5.918807,1.52739554861382,NA,NA
"280",Apr 2013,107.65,NA,31.2559,1.7969,0.76499388004896,7.993,84.3901,5.811805,1.49619798041616,NA,NA
"281",May 2013,108.16,NA,31.5893,1.8678,0.768875903429187,7.993,85.6103,5.861177,1.50379055820391,NA,NA
"282",Jun 2013,107.99,NA,32.709,1.9289,0.764525993883792,7.993,87.4141,5.706344,1.49528287461774,NA,NA
"283",Jul 2013,105.58,NA,32.8901,1.92585,0.753295668549906,7.993,85.8296,5.645215,1.47331826741996,NA,NA
"284",Aug 2013,105.71,NA,33.2474,2.05755,0.755572346052135,7.993,86.398,5.707942,1.47777106157915,NA,NA
"285",Sep 2013,104.76,NA,32.3451,2.036,0.740466493891151,7.993,84.8859,5.642397,1.44822658274713,NA,NA
"286",Oct 2013,102.52,NA,32.0613,1.99055,0.73308408474452,7.993,83.1994,5.538091,1.43378784546587,NA,NA
"287",Nov 2013,103.17,NA,33.1916,2.01925,0.735510444248308,7.993,83.7329,5.608007,1.43853339217417,NA,NA
"288",Dec 2013,101.86,NA,32.7292,2.1362,0.725110579363353,7.993,83.1282,5.549,1.41819302443623,NA,NA
"289",Jan 2014,103.66,NA,35.2448,2.2816,0.739863865048831,7.993,85.5714,5.619196,1.44704794317846,NA,NA
"290",Feb 2014,101.58,NA,36.0501,2.2362,0.723955693911533,9.9863,84.6183,5.60922,1.41593426482299,NA,NA
"291",Mar 2014,101.89,NA,35.6871,2.1918,0.725268349289237,10.9546,83.8855,5.575824,1.41850159559037,NA,NA
"292",Apr 2014,101.36,NA,35.6983,2.1199,0.72202166064982,11.401581,83.78,5.485243,1.41215162454874,NA,NA
"293",May 2014,102.72,NA,34.7352,2.0935,0.734699875101021,11.774997,85.007,5.57477,1.43694805671883,NA,NA
"294",Jun 2014,102.78,NA,33.6306,2.1253,0.732171621027969,11.823346,84.8493,5.562277,1.43200322155513,NA,NA
"295",Jul 2014,103.81,NA,35.7271,2.09375,0.74744001793856,12.097248,87.1725,5.698033,1.46186561028477,NA,NA
"296",Aug 2014,105.84,NA,36.9316,2.16035,0.758265089475281,13.605777,89.4174,5.786899,1.48303760994844,NA,NA
"297",Sep 2014,110.89,NA,39.3866,2.28095,0.794723039020901,12.949185,93.6202,6.015355,1.55434316140825,NA,NA
"298",Oct 2014,110.77,NA,43.3943,2.2191,0.79846694346854,12.950684,94.7631,6.088211,1.56166560204407,NA,NA
"299",Nov 2014,112.31,NA,47.6629,2.21215,0.801089481695105,14.969269,96.8325,6.16365,1.56679484098374,NA,NA
"300",Dec 2014,115.23,NA,56.2584,2.32095,0.823655382587925,15.768556,99.4641,6.302107,1.61092990692694,NA,NA
"301",Jan 2015,123.35,NA,68.9291,2.41975,0.884564352056612,16.157817,108.9121,6.777717,1.73005749668288,NA,NA
"302",Feb 2015,124.96,NA,61.2718,2.51,0.889679715302491,27.76312,107.2921,6.842124,1.74006227758007,NA,NA
"303",Mar 2015,130.63,NA,58.4643,2.61255,0.929454410261177,23.442625,111.424,7.050259,1.81785481922112,NA,NA
"304",Apr 2015,125.61,NA,51.7029,2.6668,0.891662951404369,21.046832,108.1359,6.896956,1.74394115024521,NA,NA
"305",May 2015,128.48,NA,52.9716,2.6611,0.911577028258888,21.048227,110.0434,6.900836,1.78288969917958,NA,NA
"306",Jun 2015,125.57,NA,55.524,2.6887,0.893734918223255,21.015358,107.7304,6.829423,1.74799356510859,NA,NA
"307",Jul 2015,127.49,NA,58.9906,2.777,0.911826388255676,21.611775,109.7566,6.917298,1.7833774049421,NA,NA
"308",Aug 2015,124.63,NA,66.4779,2.91725,0.891662951404369,21.185441,106.8344,6.687126,1.74394115024521,NA,NA
"309",Sep 2015,124.24,NA,66.2367,3.04605,0.892618048736945,21.527544,106.491,6.793127,1.74580915826118,NA,NA
"310",Oct 2015,126.43,NA,64.3742,2.91755,0.907688118362531,22.903985,109.9423,6.908226,1.77528365253699,NA,NA
"311",Nov 2015,130.35,NA,66.2393,2.92215,0.945268929010303,23.884656,114.5449,7.199832,1.84878532942622,NA,NA
"312",Dec 2015,125.79,NA,72.8827,2.9102,0.918526683200147,24.000667,111.2468,6.991801,1.79648204280334,NA,NA
