"","Date","DE.x","AL.x","SI.x","GR.x","RS.x","DE.y","HR.x","RS.y","U2.x","GR.y","AL.y","U2.y","UA.x","SI.y","TR","HR.y","RU.x","UA.y","BA.x","RU.y","BA.y"
"1",Jan 1990,11.09,NA,NA,158.025,NA,1.6918,NA,NA,NA,25.4,NA,NA,NA,NA,0.00233086,NA,NA,NA,NA,NA,NA
"2",Feb 1990,11.24,NA,NA,157.921,NA,1.676,NA,NA,NA,25.3,NA,NA,NA,NA,0.00237997,NA,NA,NA,NA,NA,NA
"3",Mar 1990,11.52,NA,NA,162.471,NA,1.7045,NA,NA,NA,25.3,NA,NA,NA,NA,0.00245519,NA,NA,NA,NA,NA,NA
"4",Apr 1990,11.55,NA,NA,163.906,NA,1.6882,NA,NA,NA,26.21,NA,NA,NA,NA,0.00250229,NA,NA,NA,NA,NA,NA
"5",May 1990,11.58,NA,NA,163.523,NA,1.6617,NA,NA,NA,26.5,NA,NA,NA,NA,0.00255006,NA,NA,NA,NA,NA,NA
"6",Jun 1990,11.6,NA,NA,164.839,NA,1.684,NA,NA,NA,27.7,NA,NA,NA,NA,0.00262907,NA,NA,NA,NA,NA,NA
"7",Jul 1990,11.58,NA,NA,160.631,NA,1.6399,NA,NA,NA,27.7,NA,NA,NA,NA,0.00266485,NA,NA,NA,NA,NA,NA
"8",Aug 1990,11.65,NA,NA,154.879,NA,1.5707,NA,NA,NA,29.4,NA,NA,NA,NA,0.00268002,NA,NA,NA,NA,NA,NA
"9",Sep 1990,11.69,NA,NA,155.087,NA,1.5697,NA,NA,NA,29.45,NA,NA,NA,NA,0.00271851,NA,NA,NA,NA,NA,NA
"10",Oct 1990,11.73,NA,NA,153.066,NA,1.5233,NA,NA,NA,29.45,NA,NA,NA,NA,0.0027424,NA,NA,NA,NA,NA,NA
"11",Nov 1990,11.91,NA,NA,152.261,NA,1.487,NA,NA,NA,29.5,NA,NA,NA,NA,0.00277655,NA,NA,NA,NA,NA,NA
"12",Dec 1990,11.97,1,NA,155.558,NA,1.492,NA,NA,NA,29.5,NA,NA,NA,NA,0.00287393,NA,NA,NA,NA,NA,NA
"13",Jan 1991,11.85,NA,NA,159.868,NA,1.51,NA,NA,NA,29.4,NA,NA,NA,NA,0.00299071,NA,NA,NA,NA,NA,NA
"14",Feb 1991,12.18,NA,NA,158.511,NA,1.4799,NA,NA,NA,29.5,NA,NA,NA,NA,0.00313457,NA,NA,NA,NA,NA,NA
"15",Mar 1991,12.22,NA,NA,172.749,NA,1.6022,NA,NA,NA,29.5,NA,NA,NA,NA,0.0035305,NA,NA,NA,NA,NA,NA
"16",Apr 1991,12.26,NA,NA,184.772,NA,1.7031,NA,NA,NA,29.6,NA,NA,NA,NA,0.0037983,NA,NA,NA,NA,NA,NA
"17",May 1991,12.24,NA,NA,187.843,NA,1.717,NA,NA,NA,29.6,NA,NA,NA,NA,0.00398082,NA,NA,NA,NA,NA,NA
"18",Jun 1991,12.26,NA,NA,194.957,NA,1.7843,NA,NA,NA,29.5,NA,NA,NA,NA,0.00423126,NA,NA,NA,NA,NA,NA
"19",Jul 1991,12.27,NA,NA,195.739,NA,1.7887,NA,NA,NA,29.5,NA,NA,NA,NA,0.00437752,NA,NA,NA,NA,NA,NA
"20",Aug 1991,12.47,NA,NA,192.62,NA,1.7452,NA,NA,NA,29.5,NA,NA,NA,NA,0.00451229,NA,NA,NA,NA,NA,NA
"21",Sep 1991,12.92,NA,NA,188.37,NA,1.6981,NA,NA,NA,29.5,NA,NA,NA,NA,0.00465204,NA,NA,NA,NA,NA,NA
"22",Oct 1991,12.95,NA,NA,188.271,NA,1.6915,NA,NA,NA,29.4,NA,NA,NA,NA,0.00484805,NA,NA,NA,NA,NA,NA
"23",Nov 1991,12.98,NA,53.3942,183.84,NA,1.625,NA,NA,NA,29.2,NA,NA,NA,NA,0.00495134,NA,NA,NA,NA,NA,NA
"24",Dec 1991,12.95,1,57.7316,179.657,NA,1.5695,NA,NA,NA,29.2,NA,NA,NA,824.56,0.00505439,NA,NA,NA,NA,NA,NA
"25",Jan 1992,13.35,8,58.8696,182.325,NA,1.5774,NA,NA,NA,29,50,NA,NA,564.06,0.00531291,0.086494,NA,NA,NA,NA,NA
"26",Feb 1992,13.39,8,74.4996,187.056,NA,1.6197,NA,NA,NA,28.8,50,NA,NA,319.86,0.00566585,0.089024,NA,NA,NA,NA,NA
"27",Mar 1992,13.38,8,82.2383,192.155,NA,1.6611,NA,NA,NA,28.8,50,NA,NA,328.03,0.00609835,0.107733,NA,NA,NA,NA,NA
"28",Apr 1992,13.4,8,83.7294,192.808,NA,1.6483,NA,NA,NA,28.8,50,NA,NA,365.44,0.00642051,0.127498,NA,NA,NA,NA,NA
"29",May 1992,13.43,8,83.4898,192.004,NA,1.6206,NA,NA,NA,28.7,50,NA,NA,122.53,0.0067137,0.165824,NA,NA,NA,NA,NA
"30",Jun 1992,13.44,8,80.667,190.884,NA,1.574,NA,NA,NA,28.7,50,NA,NA,167.05,0.00688537,0.200984,NA,NA,NA,0.138,NA
"31",Jul 1992,13.55,39,76.0238,181.848,NA,1.4909,NA,NA,NA,28.5,112.6,NA,NA,142.79,0.00694614,0.225975,NA,NA,NA,0.168,NA
"32",Aug 1992,14.08,32,77.8032,179.346,NA,1.451,NA,NA,NA,28.5,100.81,NA,NA,56.86,0.00709491,0.258165,NA,NA,NA,0.217,NA
"33",Sep 1992,14.05,32,82.0542,182.014,NA,1.4477,NA,NA,NA,28.6,94.74,NA,NA,46.59,0.00728158,0.303722,NA,NA,NA,0.344,NA
"34",Oct 1992,13.72,32,85.5644,191.68,NA,1.4816,NA,NA,NA,28.6,96.17,NA,NA,69.77,0.00757811,0.383422,NA,NA,NA,0.424,NA
"35",Nov 1992,13.68,32,94.3542,206.18,NA,1.5877,NA,NA,NA,28.8,97.19,NA,NA,86.75,0.00811817,0.529025,NA,NA,NA,0.415,NA
"36",Dec 1992,13.66,32,96.1504,209.191,NA,1.5798,2332.92,NA,NA,28.7,98.88,NA,75.7,71.6,0.00835348,0.681713,NA,0.00631,NA,0.462,NA
"37",Jan 1993,13.65,32,99.119,215.822,NA,1.6158,1370.6301,NA,NA,28.8,105.25,NA,76.6,41.75,0.00870774,0.870306,NA,0.00728,NA,0.568,NA
"38",Feb 1993,13.47,32,101.2868,220.395,NA,1.6416,1462.0001,NA,NA,28.9,106.58,NA,88.2,100.09,0.00905664,1.064959,NA,0.00973,NA,0.659,NA
"39",Mar 1993,13.35,32,103.8113,223.451,NA,1.6474,1821.6301,NA,NA,28.9,106.29,NA,87.1,49.76,0.00939053,1.367153,NA,0.01729,NA,0.756,NA
"40",Apr 1993,13.22,32,104.2541,217.421,NA,1.596,2023.62,NA,NA,28.7,105.48,NA,110.5,41.4,0.0095558,1.676301,NA,0.03002,NA,0.893,NA
"41",May 1993,13.03,32,108.5463,217.9,NA,1.60605,1898.71,NA,NA,28.7,103.61,NA,144.3,34.24,0.00996524,2.140283,NA,0.02999,NA,1.08,NA
"42",Jun 1993,13.01,25,114.2431,225.027,NA,1.6522,1928.82,NA,NA,28.7,104.46,NA,231.8,41.51,0.01047798,2.756372,NA,0.03658,NA,1.03,NA
"43",Jul 1993,12.89,25,120.1222,234.646,NA,1.7147,1990.28,NA,NA,28.3,104.51,NA,223.3,41.72,0.01118516,3.522089,NA,0.04589,NA,0.986,NA
"44",Aug 1993,12.69,25,119.1228,237.725,NA,1.6957,2005.91,NA,NA,28.3,100.1,NA,204.4,30.73,0.01164414,4.292188,NA,0.0597,NA,1.065,NA
"45",Sep 1993,12.51,30,115.0601,232.42889,NA,1.62264,2578.56,NA,NA,28.3,97.43,NA,224.2,46.16,0.01187009,5.287146,NA,0.0597,NA,1.186,NA
"46",Oct 1993,12.32,30,118.2042,237.207,NA,1.63802,101.45,NA,NA,28.4,96.7,NA,246.3,45.18,0.01253239,7.053911,NA,0.0597,NA,1.191,NA
"47",Nov 1993,12.09,30,125.7651,243.64044,NA,1.7,82.69,NA,NA,28.3,96.44,NA,279.2,68.12,0.0133894,6.483832,NA,0.06194,NA,1.239,NA
"48",Dec 1993,11.97,30,129.3676,245.33479,NA,1.70974,59,NA,NA,28.4,97.9,NA,295.1,42.64,0.01404043,6.435247,NA,0.12608,NA,1.247,NA
"49",Jan 1994,11.94,26,133.8611,250.28276,NA,1.74312,55.9101,NA,NA,26.7,99.11,NA,310.2,40.52,0.0144252,6.600866,NA,0.1261,NA,NA,NA
"50",Feb 1994,11.91,26,134.66,250.72925,NA,1.73722,53.5801,NA,NA,26.8,100.97,NA,384.7,42.93,0.01775202,6.461714,NA,0.1261,NA,NA,NA
"51",Mar 1994,11.81,26,132.4118,246.95547,NA,1.69233,23.2901,NA,NA,27,101.21,NA,389.8,36.64,0.02060505,6.172252,NA,0.1261,NA,NA,NA
"52",Apr 1994,11.76,26,133.715,249.14201,NA,1.69824,17.74,NA,NA,26.8,100.95,NA,328,33.5,0.03180865,6.234779,NA,0.1261,NA,NA,NA
"53",May 1994,11.55,26,131.5431,245.441,NA,1.6578,16.49,NA,NA,28.7,99.7,NA,303.1,49.57,0.03366324,6.161657,NA,0.13437,NA,NA,NA
"54",Jun 1994,11.27,26,129.9219,245.253,NA,1.6291,16.21,NA,NA,29.3,96.87,NA,254.7,31.56,0.03175698,6.07139,NA,0.1662,NA,NA,NA
"55",Jul 1994,11.26,26,125.2679,237.28499,NA,1.57086,16.14,NA,NA,28.2,91.39,NA,192.5,40.5,0.03103065,5.813981,NA,0.195,NA,NA,NA
"56",Aug 1994,11.25,22,124.7576,237.00024,NA,1.5646,14.9,NA,NA,27.8,87.39,NA,151.3,32.62,0.03171179,5.783077,NA,0.2025,NA,NA,NA
"57",Sep 1994,11.25,20,124.3869,236.10205,NA,1.55089,15.17,NA,NA,27.4,84.87,NA,141.6,33.1,0.03392861,5.73285,NA,0.25,NA,NA,NA
"58",Oct 1994,11.24,20,122.5802,233.08972,NA,1.5184,14.46,NA,NA,27.2,86.93,NA,141.4,38.85,0.03486964,5.604252,NA,0.4532,NA,NA,NA
"59",Nov 1994,11.22,20,124.5197,237.11046,NA,1.53869,15.65,NA,NA,27,91.19,NA,201.4,48.09,0.03630817,5.614048,NA,0.94083,NA,NA,NA
"60",Dec 1994,11.25,20,128.0775,242.84286,NA,1.57228,15.39,NA,NA,26.4,94.9,NA,204.7,38.53,0.03744411,5.725271,NA,1.08367,NA,NA,NA
"61",Jan 1995,11.27,20,125.3941,238.204,NA,1.5324,16,NA,NA,25.6,94.9,NA,205.3,31.88,0.04015037,5.565286,386.3,1.08155,NA,NA,NA
"62",Feb 1995,11.24,20,123.12,235.91353,NA,1.5018,16.13,NA,NA,25.6,93.68,NA,198.8,33.45,0.04107996,5.46032,449.4,1.21157,NA,NA,NA
"63",Mar 1995,11.25,20,115.3551,228.75433,NA,1.40656,16.72,NA,NA,25.3,91.77,NA,182.6,28.04,0.0419194,5.110848,422.1,1.32648,NA,NA,NA
"64",Apr 1995,11.1,20,112.7375,224.91888,NA,1.38059,17.56,NA,NA,23.9,92.89,NA,136.1,21.25,0.04230643,5.005747,416.7,1.31403,NA,NA,NA
"65",May 1995,11.03,20,114.7272,228.27,NA,1.40766,18.72,NA,NA,23.5,92.43,NA,117,14.16,0.0429536,5.066538,404.1,1.30481,NA,NA,NA
"66",Jun 1995,11,18,113.9983,226.20549,NA,1.40032,22.62,NA,NA,23.1,91.99,NA,86.1,18.03,0.04320408,5.048395,316.1,1.4215,NA,4.751,NA
"67",Jul 1995,10.99,18,113.0555,225.45525,NA,1.38936,21.38,NA,NA,21.9,90.35,NA,78.8,19.11,0.04447508,5.010752,283.2,1.43674,NA,4.529,NA
"68",Aug 1995,10.97,18,117.5655,232.04161,NA,1.44511,22.01,NA,NA,21.8,91.48,NA,73.6,20.34,0.04679631,5.223291,253.4,1.60897,NA,4.415,NA
"69",Sep 1995,10.68,18,120.5053,235.89998,NA,1.46227,21.73,NA,NA,21.7,94.39,NA,78.5,19.68,0.04778686,5.404967,216.7,1.6534,NA,4.46857,NA
"70",Oct 1995,10.66,19.9,118.9103,232.56342,NA,1.4143,23.52,NA,NA,21.6,92.18,NA,93.4,22.3,0.05007156,5.261732,233.3,1.74403,NA,4.50218,NA
"71",Nov 1995,10.62,22.9,121.2683,233.79634,NA,1.41648,24.21,NA,NA,21.5,92.16,NA,116.4,24.1,0.0524772,5.264629,237.5,1.77885,NA,4.537,NA
"72",Dec 1995,10.52,21,125.5845,237.93,NA,1.44074,22.32,NA,NA,21.1,94.15,9.59,105.8,27.97,0.05691988,5.346568,224.9,1.79497,NA,4.61605,NA
"73",Jan 1996,10.39,19.6,129.5255,240.496,NA,1.46165,26.37,NA,NA,21.4,95.35,9.42,110.5,23.11,0.06050208,5.404109,203.6,1.828,NA,4.682,NA
"74",Feb 1996,10.29,20.2,131.8662,242.40726,NA,1.4661,25.81,NA,NA,21.2,98.33,9.31,110.9,25.34,0.06421813,5.429881,183.8,1.8810345,NA,4.757,NA
"75",Mar 1996,10.28,20.7,133.61,241.58125,NA,1.4777,24.87,NA,NA,21.2,99.03,9.23,102.5,25.76,0.06847624,5.458129,176.1,1.8915161,NA,4.834,NA
"76",Apr 1996,10.25,21,135.91,241.79927,NA,1.50608,25.59,NA,NA,21.2,102.7,9.11,91.2,26.07,0.0729758,5.541214,177.3,1.8726667,NA,4.9,NA
"77",May 1996,10.11,22.7,138.24,243.199,NA,1.53336,25.06,NA,NA,21.2,111.347,8.99,85.7,27.01,0.07671518,5.571186,174.2,1.8419,NA,4.978,NA
"78",Jun 1996,10.08,24.8,137.36,241.527,NA,1.52737,23.57,NA,NA,21.2,110.01,8.88,73.4,26.01,0.0798049,5.4867,177.6,1.8197667,NA,5.053,NA
"79",Jul 1996,10.04,24.5,134.86,237.74739,NA,1.50496,22.78,NA,NA,21.2,111.25,8.84,66.2,23.99,0.08278345,5.367978,151,1.7808387,NA,5.147,NA
"80",Aug 1996,10.06,27,132.12,236.834,NA,1.4828,20.81,NA,NA,21.1,108.84,8.77,63.6,21.18,0.08506461,5.25389,125.2,1.76,NA,5.28,NA
"81",Sep 1996,10.05,26.1,134.38,239.37621,NA,1.50583,18.67,NA,NA,20.6,108.42,8.69,63.2,18.64,0.08891147,5.346405,152.3,1.76,NA,5.37,NA
"82",Oct 1996,10.01,25.9,137.91,239.91592,NA,1.52826,17.99,NA,NA,20.5,106.9,8.55,63.7,17.07,0.09394171,5.446352,90.6,1.7748,NA,5.431,NA
"83",Nov 1996,9.35,26.2,137.44,238.32571,NA,1.51169,20.2,NA,NA,20.5,99.78,8.47,66.3,18.74,0.0987085,5.3829,83.1,1.8592,NA,5.482,NA
"84",Dec 1996,9.3,28.8,141.15,245.3295,NA,1.55149,18.46,NA,NA,20.2,102.03,8.27,61.4,18.27,0.10475663,5.52119,66.9,1.8839,NA,5.536,NA
"85",Jan 1997,9.26,24,145.66,251.54901,NA,1.6043,17.62,NA,NA,19.9,110.94,8.07,63.6,18.04,0.112019,5.703819,44.2,1.8914,1.6043,5.601,NA
"86",Feb 1997,9.17,24.1,152.19,262.453,NA,1.67467,17.17,NA,NA,19.6,129.1,7.97,62.6,20.24,0.11908,5.960005,46.1,1.8436,1.67467,5.654,NA
"87",Mar 1997,9.16,28.4,154.75,266.86157,NA,1.69686,16.89,NA,NA,19.3,143.46,7.89,53.15,20.66,0.124991,6.06137,41.6,1.8371,1.69686,5.704,NA
"88",Apr 1997,9.17,37,155.93,270.15097,NA,1.71096,16.87,NA,NA,19,147.05,7.75,52.35,18.88,0.131379,6.106036,32.5,1.8479,1.71096,5.747,NA
"89",May 1997,9.12,31,155.24,271.47903,NA,1.70325,15.79,NA,NA,18.7,159.97,7.68,53.69,19.54,0.137257,6.089535,34,1.8428,1.70325,5.77,NA
"90",Jun 1997,9.13,31,156.74,273.679,NA,1.72731,15.3,NA,NA,18.3,179.07,7.59,50.27,19.82,0.144418,6.154238,28.6,1.8578,1.72731,5.78,NA
"91",Jul 1997,9.06,31,162.64,280.9761,NA,1.79193,14.96,NA,NA,18.2,171.59,7.45,47,19.45,0.153523,6.376261,28.8,1.857,1.79193,5.787,NA
"92",Aug 1997,9.06,31,169.48,288.88998,NA,1.8424,14.24,NA,NA,18.2,158.35,7.43,42.22,20.76,0.163535,6.557311,28.3,1.856,1.8424,5.811,NA
"93",Sep 1997,9.12,26,166.81,282.1759,NA,1.79056,14.29,NA,NA,18.4,148.625,7.39,41.6,21.1,0.170471,6.351645,24.8,1.8606,1.79056,5.846,NA
"94",Oct 1997,9.12,43,165.59,276.87045,NA,1.75667,14.59,NA,NA,18.2,147.16,7.29,38.21,20.58,0.178293,6.215778,24,1.8713,1.75667,5.875,NA
"95",Nov 1997,9.13,43,163.58,271.994,NA,1.7331,13.73,NA,NA,20.1,142.88,7.24,41.97,20.88,0.187477,6.09715,23,1.8794,1.7331,5.902,NA
"96",Dec 1997,9.05,NA,167.65,279.61523,5.9123,1.77666,14.16,77.97,NA,19.1,149,7.21,42.74,20.34,0.199937,6.253843,28.6,1.895,1.77666,5.941,NA
"97",Jan 1998,9.05,NA,171.3,286.992,NA,1.81668,14.68,NA,NA,19.5,152.28,7.15,43.81,20.1,0.211844,6.37524,29.8,1.9091,1.81668,5.9951,NA
"98",Feb 1998,9.11,NA,171.31,286.80698,NA,1.81415,14.5,NA,NA,19.8,156.48,7.11,48.69,20,0.223632,6.386785,30.4,1.9566,1.81415,6.0497,NA
"99",Mar 1998,9.06,NA,172.26,306.3645,NA,1.82669,14.81,NA,NA,19.3,159.38,7.04,48.85,18.24,0.235817,6.435205,38.3,2.034,1.82669,6.0896,NA
"100",Apr 1998,9.08,NA,170.79,316.853,NA,1.81471,15.31,NA,NA,18.7,159.29,6.94,47.69,19.77,0.245161,6.464357,38.8,2.0399,1.81471,6.1238,NA
"101",May 1998,9.05,NA,165.98,306.931,NA,1.77458,16.67,NA,NA,18.5,156.42,6.85,47.09,17.64,0.252332,6.390715,40.4,2.0495,1.77458,6.1485,NA
"102",Jun 1998,9,NA,167.53,304.13333,NA,1.79172,16.97,NA,NA,18.6,153.37,6.76,47.97,16.41,0.261123,6.503371,48,2.0589,1.79172,6.1797,NA
"103",Jul 1998,9.02,NA,169.12,299.42911,NA,1.7979,16.02,NA,NA,18.3,150.17,6.66,53.04,15.72,0.268393,6.53787,44.9,2.1026,1.7979,6.2163,NA
"104",Aug 1998,9,NA,168.72,300.9938,NA,1.7886112,15.74,NA,NA,18.2,148.51,6.61,57.36,14,0.274022,6.443245,48.6,2.1832,1.788611,6.7495,NA
"105",Sep 1998,8.99,NA,161.06,293.0491,NA,1.70295,15.55,NA,NA,18.2,147.99,6.6,63.83,13.95,0.275141,6.222095,46.8,2.785,1.70295,14.5257,94.085
"106",Oct 1998,8.98,NA,155.01,281.73764,NA,1.6378,16.31,NA,NA,18,142.47,6.5,71.52,12.4,0.279013,6.089041,49,3.4216,1.6378,15.9227,89.44
"107",Nov 1998,8.95,NA,160.16,282.69427,NA,1.6816,16.41,NA,NA,18,141.13,6.38,63.72,12.53,0.294985,6.26549,44.8,3.4271,1.6816,16.47,73.5
"108",Dec 1998,8.89,NA,160.37,280.36453,10.0308,1.66862,16.06,60.8609343416621,NA,17.6,140.11,6.21,60.39,12.26,0.307228,6.246014,41.7,3.427,1.66862,19.9904,73.5
"109",Jan 1999,8.87,16.19,162.5,278.776,NA,NA,16.13,NA,0.8614897,15.6,139.93,6.06,55.3,11.89,0.32191,6.317699,45.5,3.427,1.684927399951,22.2876,82.245
"110",Feb 1999,8.89,14.26,168.64,286.855,NA,NA,16.92,NA,0.89237486,14.7,140.48,5.97,58.36,12.49,0.342564,6.659946,44.1,3.4709,1.7453335224338,22.9021,73.5
"111",Mar 1999,8.86,17.92,174.45,296.17957,NA,NA,16.25,NA,0.91891703,14.8,142.33,5.81,68.02,11.56,0.361922,6.971799,45.7,3.7728,1.7972454947849,23.4788,73.5
"112",Apr 1999,8.84,25.4,178,304.362,NA,NA,16.01,NA,0.93425578,14.9,144.717,5.64,66.86,10.48,0.380997,7.091935,43.8,3.9337,1.8272454821974,24.7419,73.5
"113",May 1999,8.8,25.35,180.62,305.62598,NA,NA,16.56,NA,0.94103032,14.9,141.42,5.54,54.55,10.34,0.395375,7.138159,43.5,3.9235,1.8404953307656,24.4552,24.91
"114",Jun 1999,8.71,24.97,186.84,312.294,NA,NA,14.16,NA,0.96364713,15.2,137.4,5.47,47.43,10.97,0.412949,7.310965,32.2,3.9496,1.8847299662679,24.2856,24.285
"115",Jul 1999,8.75,24.79,188.96,313.94998,NA,NA,14.56,NA,0.96628249,15,135.55,5.39,46.49,11.07,0.426796,7.350501,38.9,4.0044,1.8898842824167,24.3048,24.285
"116",Aug 1999,8.75,22.11,185.23,307.71091,NA,NA,14.55,NA,0.94318,15.1,132.87,5.4,50.67,12.42,0.435876,7.154423,38.5,4.4605,1.8446997394,24.6965,24.285
"117",Sep 1999,8.71,22.11,187.46032,311.23,NA,NA,14.02,NA,0.95241,15,135.36,5.37,54.26,14.07,0.453668,7.258631,37.8,4.4559,1.8627520503,25.4704,24.285
"118",Oct 1999,8.75,22.09,183.55,307.174,NA,NA,13.28,NA,0.934,15,132.53,5.56,50.83,13.88,0.467932,7.123007,37,4.4673,1.82674522,25.7135,24.285
"119",Nov 1999,8.84,22.49,190.17,317.70136,NA,NA,13.35,NA,0.9668,15.2,134.39,5.73,54.71,14.14,0.497793,7.385568,38.3,4.6306,1.890896444,26.3028,21.285
"120",Dec 1999,8.94,21.7,194.81,325.90045,11.6615,NA,13.54,46.0611329231924,0.98914,14.6,135.31,5.81,51.95,15.2,0.527613,7.578281,31.3,5.0691,1.9345896862,26.7996,24.285
"121",Jan 2000,8.97,20.15,195.06,326.591,NA,NA,15.32,NA,0.98673,14.1,136.624,5.91,56.1851,15.17,0.545584,7.585283,34,5.3811,1.9298761359,28.1891,30.5
"122",Feb 2000,9.02,18.57,202.66,338.37048,NA,NA,11.67,NA,1.01696,13.7,139.52,6,49.4383,15.84,0.564525,7.844532,31.3,5.5431,1.9890008768,28.7276,30.5
"123",Mar 2000,9.14,19.44,208.2093,346.17045,NA,NA,12.94,NA,1.03701,13.5,140.81,6.07,42.4855,15.17,0.581034,8.00753,29.8,5.468,2.0282152683,28.4581,30.5
"124",Apr 2000,9.26,19.48,213.3238,353.30421,NA,NA,14.59,NA,1.05636,12.8,142.439,6.24,41.8818,15.48,0.59698,8.136334,29.2,5.4228,2.0660605788,28.5924,30.5
"125",May 2000,9.34,22.53,225.2391,371.27091,NA,NA,12.52,NA,1.104,12.6,147.37,6.41,39.8236,16.49,0.618258,8.509271,25.5,5.4041,2.15923632,28.3108,30.5
"126",Jun 2000,9.59,16.07,216.1767,354.99333,NA,NA,13.48,NA,1.05365,12.5,140.75,6.56,39.6588,15.62,0.616594,8.071059,23,5.436,2.0607602795,28.2432,30.5
"127",Jul 2000,9.81,27.84,218.9462,358.2635,NA,NA,11.46,NA,1.06435,12.2,140.6,6.77,38.995,16.78,0.628573,8.078999,22.7,5.4386,2.0816876605,27.8496,30.5
"128",Aug 2000,9.85,27.05,229.0184,372.898,NA,NA,9.9,NA,1.10622,12.1,143.58,6.81,35.5767,15.43,0.646623,8.359526,20.9,5.4385,2.1635782626,27.7356,30.5
"129",Sep 2000,9.94,27,238.7818,388.67,NA,NA,10.73,NA,1.14694,11.8,148.38,6.92,39.7046,15.76,0.664548,8.639325,20.5,5.439,2.2432196602,27.7981,30.5
"130",Oct 2000,10.18,26.55,243.9582,396.69045,NA,NA,10.92,NA,1.16983,11.3,149.01,7.13,38.9714,15.4,0.678046,8.774601,20,5.4387,2.2879886089,27.87,30.5
"131",Nov 2000,10.19,19.38,245.2146,397.34619,NA,NA,10.9,NA,1.16783,11.1,149.35,7.16,38.3331,15.75,0.684236,8.8353,18.1,5.4371,2.2840769489,27.8092,30.5
"132",Dec 2000,10.27,21.17,235.28493,380.21421,63.1659,NA,10.45,6.3,1.11493,10.1,146.08,7.18,37.2872,16.32,0.677621,8.490237,18.2,5.4358,2.1806135419,27.9663,30.5
"133",Jan 2001,10.3,23.62,225.9265,NA,NA,NA,10.81,NA,1.06594,9.4,141.74,7.19,37.432,15.03,0.672094,8.098888,18.6,5.4331,2.0847974302,28.3592,30.5
"134",Feb 2001,10.15,18.91,231.64972,NA,NA,NA,10.89,NA,1.08512,9.1,142.84,7.11,35.641,15.91,0.760014,8.344957,19.1,5.4296,2.1223102496,28.5942,30.5
"135",Mar 2001,10.03,23.22,235.6526,NA,63.5822332991453,NA,8.98,5.6,1.09993,8.78,144.33,7.04,33.8025,14.89,0.958636,8.440485,18.8,5.4214,2.1512760919,28.6769,30.99
"136",Apr 2001,10.07,15.08,241.8551,NA,NA,NA,8.99,NA,1.12138,8.88,145.48,7.07,33.0045,15.21,1.204238,8.54399,17.5,5.4182,2.1932286454,28.8464,31.315
"137",May 2001,10.09,23.69,247.1487,NA,NA,NA,9.32,NA,1.14423,8.87,146.53,7.03,31.6591,14.97,1.132664,8.401878,18.1,5.4137,2.2379193609,29.0183,NA
"138",Jun 2001,10.13,24,254.4375,NA,NA,NA,9.88,5.5,1.17216,8.65,148.56,6.97,32.0904,16.67,1.213123,8.54613,18,5.4012,2.2925456928,29.1144,NA
"139",Jul 2001,9.99,23.46,253.4753,NA,NA,NA,9.39,NA,1.16216,8.64,147.82,6.9,31.103,16.31,1.321554,8.388399,18.6,5.3711,2.2729873928,29.2173,NA
"140",Aug 2001,10.03,24,243.4508,NA,NA,NA,9.27,NA,1.11082,8.59,143.25,6.89,31.6919,14.94,1.399933,8.214496,18.1,5.3467,2.1725750806,29.3452,NA
"141",Sep 2001,9.98,14.62,240.6709,NA,67.0123,NA,9.46,6,1.0978,8.35,142.671,6.71,30.5587,15.25,1.472194,8.248113,17.2,5.339,2.147110174,29.4288,NA
"142",Oct 2001,9.93,15.49,242.7353,NA,NA,NA,8.53,NA,1.10405,8.08,141.393,6.46,30.5224,13.67,1.602467,8.250315,17.4,5.3103,2.1593341115,29.5344,NA
"143",Nov 2001,9.77,14.48,248.1792,NA,67.7111,NA,9.56,NA,1.12585,7.87,140.164,6.31,30.2141,14.01,1.519319,8.340104,17,5.2873,2.2019712055,29.7956,NA
"144",Dec 2001,9.64,15.28,247.8044,NA,66.91366,NA,9.51,34.5,1.12068,7.81,137.04,6.25,29.6161,13.74,1.450821,8.280737,16.5,5.2943,2.1918595644,30.0916,NA
"145",Jan 2002,9.62,14.66,251.4046,NA,67.7104375,NA,15.28,33.2809326418719,1.13238,7.74,140.177,6.18,29.6953,13.69,1.365884,8.4552,17.9,5.3126,2.2147427754,30.4669,13.61
"146",Feb 2002,9.58,15.41,256.6023,NA,69.11228,NA,14.28,30.4483535672691,1.14941,7.66,141.57,6.16,29.3765,14.52,1.354162,8.620424,15.9,5.321,2.2480505603,30.8007,13.02
"147",Mar 2002,9.64,15.29,255.6975,NA,68.6553769230769,NA,13.47,28.1660800025607,1.14185,7.63,141.97,6.09,27.552,14.94,1.354197,8.457186,15.8,5.3223,2.2332644855,31.059,13.12
"148",Apr 2002,9.69,14.83,253.975,NA,68.324948,NA,13.42,26.1850665926504,1.12896,7.59,144.06,6.17,27.0726,13.8,1.316498,8.359843,18.3,5.3274,2.2080538368,31.1717,12.92
"149",May 2002,9.69,14.57,246.137,NA,66.087447826087,NA,13.44,24.0894179118774,1.0906,7.52,144.91,6.2,26.1045,14.79,1.39286,8.069732,17.7,5.3279,2.133028198,31.2476,12.83
"150",Jun 2002,9.76,14.61,237.0903,NA,63.556752,NA,12.78,22.6173735161697,1.04703,7.4,142.93,6.18,24.9555,13.69,1.525699,7.72245,15.2,5.3293,2.0478126849,31.4021,13.2
"151",Jul 2002,9.7,14.54,228.33848,NA,61.1620703703704,NA,11.89,22.2373190072779,1.00802,7.29,138.28,6.16,24.8888,12.23,1.652279,7.405722,16,5.3288,1.9715157566,31.5144,12.62
"152",Aug 2002,9.72,15.1,232.6756,NA,62.2888185185185,NA,12.35,22.662466882133,1.0227,7.17,138.062,6.15,23.9567,12.21,1.636376,7.549316,14.9,5.3291,2.000227341,31.5563,11.6
"153",Sep 2002,9.78,14.84,232.4664,NA,62.108468,NA,11.81,20.1465332088883,1.01959,7.2,139.28,6.12,23.4622,12.18,1.64719,7.488554,13.4,5.3295,1.9941447097,31.6251,12.87
"154",Oct 2002,9.77,18.82,233.1563,NA,62.2674814814815,NA,12.54,20.4105479821467,1.01957,7.29,138.653,6.13,22.9494,12.1,1.651258,7.569149,13.7,5.3296,1.9941055931,31.6926,12.21
"155",Nov 2002,9.73,16.35,229.2173,NA,61.1641346153846,NA,11.91,21.4488737072215,1.0082,7.24,136.996,6.1,22.382,12,1.60394,7.455646,14.7,5.3304,1.971867806,31.8083,12.28
"156",Dec 2002,9.69,14.63,226.2178,NA,60.3408,NA,10.91,19.714621147516,0.98231,7.23,134.9661905,5.98,21.798,11.9,1.586374,7.306968,14.9,5.3316,1.9212313673,31.8371,12.07
"157",Jan 2003,9.68,15.25,217.5326,NA,58.4373,NA,11.26,16.2898702412579,0.94165,7.1,131.66,5.87,18.6094,11.8,1.658401,7.072432,14.5,5.3327,1.8417073195,31.8152,11.42
"158",Feb 2003,9.72,14.68,214.5393,NA,58.2282,NA,11.43,18.0334984279846,0.92827,7.04,130.18,5.81,17.6468,11.6,1.626495,7.039793,14.1,5.3339,1.8155383141,31.7018,11.28
"159",Mar 2003,9.58,14.87,214.845115384615,NA,58.8796,NA,11.3,15.2130344919472,0.92559,6.99,129.64,5.69,17.9624,11.4,1.661504,7.093784,13.3,5.3345,1.8102966897,31.4538,11.51
"160",Apr 2003,9.63,15,214.4403,NA,59.2239,NA,11.41,18.7145294899451,0.92201,7,129.166,5.57,18.2866,11.2,1.623187,6.971539,15.7,5.3341,1.8032948183,31.2122,11.14
"161",May 2003,9.6,13.74,201.6995,NA,56.5025,NA,11.58,16.4251203046381,0.86451,6.88,121.316,5.51,17.9041,11.1,1.495117,6.538157,12.5,5.3332,1.6908345933,30.9194,11.2
"162",Jun 2003,9.48,14.3,199.786,NA,55.6967,NA,11.55,17.2982060976031,0.85753,6.76,119,5.39,17.2094,10.8,1.421278,6.443838,11.8,5.333,1.6771828999,30.4813,10.77
"163",Jul 2003,NA,13.6,205.8367,NA,57.2154,NA,11.15,15.884982228591,0.87944,6.61,120.31,5.26,18.2426,10.5,1.415221503,6.591284,11.9,5.3321,1.7200351352,30.3597,10.56
"164",Aug 2003,NA,13.76,210.6733,NA,58.3994,NA,12.08,16.4251203046381,0.89804,6.59,119.925,5.24,18.2378,10.3,1.40038,6.736895,11.8,5.3317,1.7564135732,30.3478,10.43
"165",Sep 2003,NA,14.54,210.0532,NA,58.7425,NA,11.71,16.3160256676947,0.89153,6.57,120.618,5.24,17.2435,10.2,1.374556,6.703212,13.2,5.3316,1.7436811199,30.5953,10.54
"166",Oct 2003,NA,15.9,201.236392307692,NA,56.7228,NA,12,15.7503064882873,0.85532,6.58,116.337,NA,17.7507,10.1,1.430041,6.488812,12.5,5.331703,1.6728605156,30.1649,10.52
"167",Nov 2003,NA,13.8,201.717516666667,NA,57.3728,NA,12,16.036792367186,0.85477,6.63,115.517,NA,17.7908,10.1,1.474541,6.51318,12,5.33196,1.6717848091,29.8138,10.51
"168",Dec 2003,NA,11.81,193.004664,NA,55.604,NA,11.45,15.4813845733867,0.81375,6.68,108.69,NA,17.8546,9.9,1.429901,6.2667,12.4,5.331797,1.5915566625,29.4391,10.56
"169",Jan 2004,NA,15.4081331186693,187.838328,NA,54.4344,NA,12.1061,14.8550340041522,0.79289,6.64,106.219,NA,17.817,9.8,1.347896,6.096698,12.2,5.331229,1.5507580487,28.9234,10.53
"170",Feb 2004,NA,13.4451620183478,187.879058,NA,54.9061,NA,12.41,16.3920249782479,0.79082,6.75,105.13,NA,17.9534,9.4,1.328054,6.052262,11.1,5.330565,1.5467094806,28.5154,10.57
"171",Mar 2004,NA,10.38,193.8063,NA,56.6712,NA,11.7436,15.9317990498164,0.8156,NA,106.3586,NA,17.2379,9.4,1.318895,6.113879,11.7,5.3295,1.595174948,28.5334,10.53
"172",Apr 2004,NA,10.188602517711,198.119038,NA,58.2366,NA,11.7388,15.5257163294706,0.83409,NA,106.84,NA,18.1192,9,1.356376,6.251286,12,5.329,1.6313382447,28.6759,10.58
"173",May 2004,NA,11.15,198.683992,NA,58.8769,NA,11.6192,15.7966999928054,0.83358,NA,106.2,NA,17.3641,8.9,1.506333,6.187494,12.8,5.327374,1.6303407714,28.9867,10.26
"174",Jun 2004,NA,11.94,196.942788,NA,58.9555,NA,11.5763,16.7855339274674,0.82388,NA,102.9,NA,16.6312,8.5,1.49376,6.071835,11.6,5.322,1.6113692204,29.0315,10.15
"175",Jul 2004,NA,12.234717607744,195.488241,NA,59.1964,NA,11.4872,16.0670423612923,0.81535,NA,101.294090909091,NA,16.9894,8.3,1.450553,6.007601,11.2,5.3181,1.5946859905,29.0817,10.28
"176",Aug 2004,NA,11.2670041244548,196.995069,NA,60.1169,NA,11.4427,15.1233636415223,0.82137,NA,102.58,NA,17.1413,8.2,1.474527,6.048856,11.6,5.3136,1.6064600871,29.213,10.18
"177",Sep 2004,NA,11.1976118952563,196.477719,NA,60.6922,NA,11.8,15.8045926547275,0.81852,NA,102.42,NA,17.0093,8.1,1.5007,6.072877,11.5,5.3097,1.6008859716,29.2218,9.99
"178",Oct 2004,NA,10.9714944090363,192.2953,NA,60.5124,NA,11.8385,14.9891271830767,0.80083,NA,100.6,NA,17.3053,8.1,1.486398,6.046657,10.9,5.3069,1.5662873389,29.0776,10.08
"179",Nov 2004,NA,11.9805128398218,184.735032,NA,59.4058,NA,11.7429,16.0840868781572,0.76986,NA,98.2421052631579,NA,17.7566,8.1,1.446311,5.825222,10.7,5.3063,1.5057152838,28.5844,10.31
"180",Dec 2004,NA,10.9750234823429,179.312627,NA,58.5724,NA,11.4375,15.5269340837342,0.74759,NA,94.5768181818182,NA,17.49,8,1.396644,5.637421,10,5.3059,1.4621589497,27.9201,9.92
"181",Jan 2005,NA,11.82,182.45274,NA,60.7775,NA,11.799,16.0198013418662,0.75499,NA,96.8,NA,18.12,8,1.3504,5.747653,10.8,5.304648,1.4766320917,27.935,10
"182",Feb 2005,NA,12.39,184.210417,NA,61.5812,NA,11.8805,17.1252179289927,0.76849,NA,97.3295,NA,16.84,8,1.309754,5.781287,10.6,5.300011,1.5030357967,27.9736,9.93
"183",Mar 2005,NA,14,181.524762,NA,61.1657,NA,11.8172,15.4813845733867,0.75822,NA,95.91,NA,17.04,8,1.308021,5.650418,10.5,5.292023,1.4829494226,27.616,9.92
"184",Apr 2005,NA,13.5,185.285728,NA,62.8115,NA,11.5665,15.3413986353714,0.77295,NA,97.337,NA,16.43,7.9,1.358855,5.714624,10.3,5.19201,1.5117587985,27.8205,9.98
"185",May 2005,NA,14.6,188.524332,NA,64.3646,NA,11.3758,15.6157739826232,0.78792,NA,98.2971428571428,NA,15.89,7.8,1.366176,5.754607,11,5.05,1.5410375736,27.9203,9.59
"186",Jun 2005,NA,10.62,196.680556,NA,67.751,NA,11.2103,15.2027797159641,0.82208,NA,101.65,NA,15.39,7.8,1.356458,6.003958,10.9,5.05483,1.6078487264,28.5042,9.99
"187",Jul 2005,NA,13.3,198.941338,NA,68.887,NA,11.4163,15.0790735439184,0.83081,NA,101.277619047619,NA,15.16,7.8,1.333844,6.066461,10,5.053226,1.6249231223,28.6888,9.9
"188",Aug 2005,NA,14.49,194.919946,NA,68.2935,NA,11.1697,13.4826213875817,0.81354,NA,99.17,NA,15.17,7.8,1.342379,5.982856,10.5,5.05,1.5911459382,28.4756,9.48
"189",Sep 2005,NA,12.54,195.277365,NA,68.8327,NA,10.66,15.3413986353714,0.81605,NA,101.031818181818,NA,15.4,7.7,1.3365933,6.060507,10.5,5.05,1.5960550715,28.3645,9.31
"190",Oct 2005,NA,13.38,199.250632,NA,70.7377,NA,10.9481,14.5446538240166,0.83235,NA,102.2505,NA,16.11,7.6,1.354857,6.143595,10.6,5.05,1.6279351005,28.5472,9.18
"191",Nov 2005,NA,13.36,203.247,NA,72.9253,NA,10.54,15.2027797159641,0.84855,NA,104.059473684211,NA,16.15,7.6,1.35664,6.252416,11.4,5.05,1.6596195465,28.7565,9.04
"192",Dec 2005,NA,12.9,202.1508,NA,72.438,NA,9.91,16.8317346156222,0.84349,NA,103.33,NA,16.39,7.6,1.34902,6.232461,11.1,5.05,1.6497230467,28.8111,9.03
"193",Jan 2006,NA,12.3222218091308,197.93862,NA,71.7024,NA,11.16,16.9675612230736,0.8263,NA,102.0547,NA,15.99,7.6,1.33052,6.099054,10.2,5.05,1.616102329,28.4122,8.56
"194",Feb 2006,NA,13.0139935667442,200.44493,NA,72.9422,NA,10.62,19.1013764282416,0.83766,NA,102.56,NA,15.87,7.6,1.32243214285714,6.12846,10.7,5.05,1.6383205578,28.1968,8.44
"195",Mar 2006,NA,13.5250085729411,199.502026,NA,72.4865,NA,9.83,17.37,0.83199,NA,102.06429,NA,15.79,7.6,1.33195,6.10019,10.2,5.05,1.6272310017,27.8777,8.31
"196",Apr 2006,NA,11.97,195.935617,NA,70.7881,NA,10.1,18.29,0.81502,NA,100.25722,NA,15.65,7.5,1.333155,5.9755,10.7,5.05,1.5940405666,27.5724,8.09
"197",May 2006,NA,12.13,187.641144,NA,68.4285,NA,10.17,18.2,0.78314,NA,96.31318,NA,15.27,7.4,1.43139516129032,5.699769,10.9,5.05,1.5316887062,27.0578,8.3
"198",Jun 2006,NA,11.28,189.190177,NA,68.4373,NA,9.88,19.28,0.79058,NA,97.18,NA,15.5,7.4,1.54353064516129,5.722947,10.4,5.05,1.5462400814,26.9839,8.2
"199",Jul 2006,NA,10.45,188.893004,NA,66.064,NA,9.98,19.02,0.78845,NA,96.688571,NA,14.98,7.4,1.55016290322581,5.714387,10.1,5.05,1.5420741635,26.915,7.93
"200",Aug 2006,NA,11.96,187.076231,NA,64.7175,NA,9.83,17.65,0.78057,NA,95.537826,NA,14.61,7.4,1.46385161290323,5.679723,10.3,5.05,1.5266622231,26.7653,7.65
"201",Sep 2006,NA,15.6447695269665,188.056019,NA,65.1556,NA,9.45,19.57,0.78572,NA,96.7552380952381,NA,14.6,7.4,1.48051166666667,5.795937,10.5,5.05,1.5367347476,26.7442,7.73
"202",Oct 2006,NA,15.1966179062541,190.038028,NA,64.0478,NA,9.61,19.16,0.79298,NA,97.656,NA,14.31,7.2,1.47251451612903,5.861821,10,5.05,1.5509340734,26.8558,7.68
"203",Nov 2006,NA,15.6101026290562,186.235248,NA,61.3425,NA,9.5,18.71,0.77642,NA,96.5015,NA,14.4,7.3,1.45448666666667,5.710001,10.6,5.05,1.5185455286,26.6239,7.62
"204",Dec 2006,NA,12.1766003311248,181.38805,NA,59.6374,NA,9.07,16.56,0.75686,NA,93.672,NA,15.06,7.1,1.42693064516129,5.56573,10.5,5.05,1.4802894938,26.2865,7.66
"205",Jan 2007,NA,16.6041439949638,185.065,NA,61.332,NA,9.56,15.48,0.76935,NA,96.042,NA,14.22,5.59,1.42270322580645,5.662532,10,5.05,1.5047178105,26.4749,7.5
"206",Feb 2007,NA,14.3822564279254,183.3004,NA,60.7114,NA,9.59,16.22,0.7649,NA,95.80059375,NA,13.9,5.6,1.39260892857143,5.639683,9.9,5.05,1.496014367,26.3351,7.49
"207",Mar 2007,NA,12.3699227654509,NA,NA,61.0748,NA,8.99,13.22,0.75521,NA,95.318,NA,13.98,5.57,1.40443870967742,5.55913,10,5.05,1.4770623743,26.1108,7.42
"208",Apr 2007,NA,15.3814662999313,NA,NA,59.6103,NA,9.36,13.28,0.7399,NA,93.355,NA,14.05,5.64,1.35595666666667,5.482475,9.8,5.05,1.447118617,25.842,7.28
"209",May 2007,NA,14.8720232144929,NA,NA,60.3296,NA,9.21,12.04,0.74013,NA,92.7072727272727,NA,13.44,5.71,1.33431612903226,5.422621,9.5,5.05,1.4475684579,25.8183,7.09
"210",Jun 2007,NA,13.4657075918896,NA,NA,60.456,NA,9.28,12.6,0.74526,NA,91.7638095238095,NA,14.14,5.77,1.31834,5.467952,9.5,5.05,1.4576018658,25.9256,7.06
"211",Jul 2007,NA,13.4824846763043,NA,NA,58.7931,NA,9.13,11.65,0.72912,NA,89.1813636363636,NA,13.92,5.88,1.28006774193548,5.321551,9.2,5.05,1.4260347696,25.5564,7.13
"212",Aug 2007,NA,14.6008019657021,NA,NA,58.818,NA,9.46,11.26,0.73413,NA,89.6830434782609,NA,13.31,6.14,1.31476451612903,5.366679,9.9,5.05,1.4358334779,25.6305,7.05
"213",Sep 2007,NA,13.0827484016349,NA,NA,57.2022,NA,9.53,11.79,0.71974,NA,89.1925,NA,13.78,6.25,1.25885,5.275187,10.4,5.05,1.4076890842,25.3430499986156,7.05
"214",Oct 2007,NA,13.685436718216,NA,NA,54.5654,NA,9.02,11.39,0.7029,NA,86.0471428571429,NA,13.69,6.22,1.1944935483871,5.149405,10.6,5.05,1.374752907,24.8938974195527,7.04
"215",Nov 2007,NA,13.4217763118566,NA,NA,53.8698,NA,9.52,11.38,0.68108,NA,83.0145,NA,13.95,6.18,1.18702333333333,5.004536,10.8,5.05,1.3320766964,24.4736820586853,6.93
"216",Dec 2007,NA,13.8467050776267,NA,NA,54.6797,NA,9.32,11.13,0.68593,NA,83.0295,NA,14.41,6.4,1.17160806451613,5.022677,10.8,5.05,1.3415624719,24.5659149336316,7.03
"217",Jan 2008,NA,15.5326097715288,NA,NA,55.6248,NA,9.9,11.2881735372223,0.67948,NA,83.389,NA,13.91,6.22,1.17160806451613,4.987008,10.4,5.05,1.3289473684,24.5011,7.1
"218",Feb 2008,NA,14.2852301013212,NA,NA,56.2935,NA,9.95,12.82,0.67815,NA,83.8919047619048,NA,14.64,6.15,1.19150172413793,4.933374,11,5.05,1.3263461145,24.5347,6.85
"219",Mar 2008,NA,13.499386966796,NA,NA,53.6003,NA,9.69,14.59,0.64418,NA,80.3194444444444,NA,15.24,6.24,1.2394564516129,4.689464,11.3,5.05,1.2599065694,23.7607,6.79
"220",Apr 2008,NA,12.3991620598827,NA,NA,51.3448,NA,10.11,16.36,0.634944279303,NA,77.7929,NA,16.88,6.47,1.29933333333333,4.606358,11.2,5.05,1.24184306978919,23.5127,6.82
"221",May 2008,NA,12.4071949927544,NA,NA,52.7081,NA,9.66,16.34,0.642841759764826,NA,78.4481,NA,17.48,6.63,1.2453,4.663891,11,4.985613,1.25728919900084,23.7294,6.84
"222",Jun 2008,NA,13.6561451972788,NA,NA,51.5628,NA,9.47,16.93,0.643010495810651,NA,78.4567,NA,17.28,6.73,1.231195,4.665242,11.3,4.851927,1.25761921802135,23.6376,6.83
"223",Jul 2008,NA,12.4906772125541,NA,NA,49.697,NA,9.63,16.47,0.63415,NA,77.24,NA,17.05,6.83,1.21057258064516,4.580458,11.4,4.843074,1.2402895945,23.3505,6.92
"224",Aug 2008,NA,12.0424468063784,NA,NA,51.0358,NA,10.01,16.61,0.66806,NA,81.1243,NA,17.34,6.9,1.17612580645161,4.797094,11.8,4.844574,1.3066117898,24.1314,6.86
"225",Sep 2008,NA,12.3173140459105,NA,NA,53.1941,NA,10.07,17.35,0.69609,NA,85.6538,NA,16.84,7.04,1.23723,4.955398,12.7,4.852997,1.3614337047,25.2837,6.93
"226",Oct 2008,NA,12.993985061265,NA,NA,60.9542,NA,10.66,17.02,0.75162,NA,92.62,NA,19.1,7.32,1.48030161290323,5.355413,14.1,5.042977,1.4700409446,26.3512,7.12
"227",Nov 2008,NA,13.4358413301136,NA,NA,67.9607,NA,10.97,19.63,0.78549,NA,96.8421,NA,22.55,6.98,1.59291166666667,5.609362,15,6.004137,1.5362849067,27.3101,7.26
"228",Dec 2008,NA,11.1757190087787,NA,NA,64.7057,NA,10.71,18.11,0.73408,NA,90.957,NA,21.6,6.39,1.54272419354839,5.377415,15.5,7.581358,1.4357356864,28.1314,7.42
"229",Jan 2009,NA,11.7406248735425,NA,NA,70.3831,NA,11.02,18.61,0.75529828637,NA,94.617,NA,26.52,5.89,1.59461290322581,5.529454,17.1,7.7,1.47723504743104,31.4715,7.44
"230",Feb 2009,NA,11.3075225689232,NA,NA,73.2631,NA,11.53,20.95,0.78224,NA,100.6495,NA,27.9,5.84,1.65874107142857,5.802756,16.6,7.7,1.5299284592,35.7597,7.46
"231",Mar 2009,NA,11.1176379699295,NA,NA,72.3567,NA,11.61,17.38,0.766963,NA,100.495,NA,26.65,6.02,1.70730967741935,5.710075,16.1,7.7,1.50004924429,34.6665,7.53
"232",Apr 2009,NA,12.7501485585004,NA,NA,71.2437,NA,11.38,17.3,0.7582384834,NA,98.8255,NA,20.42,6,1.60237166666667,5.624643,16,7.7,1.48298557298822,33.5554,7.77
"233",May 2009,NA,11.8135672091592,NA,NA,69.4272,NA,11.52,15.75,0.733780786394921,NA,96.7975,NA,18.48,6,1.55432903225806,5.408127,15.9,7.652981,1.43515047545478,32.0576,7.86
"234",Jun 2009,NA,12.4659890433372,NA,NA,66.8003,NA,11.66,15.2,0.713503199783935,NA,93.5928571428571,NA,18.45,5.98,1.54198333333333,5.208034,15.6,7.615773,1.39549096323341,31.0262,8.1
"235",Jul 2009,NA,11.9287859925755,NA,NA,66.1601,NA,11.81,13.61,0.70988504366367,NA,92.0826,NA,17.24,5.84,1.51667741935484,5.197322,14.9,7.648132,1.38841446494872,31.5152,8.12
"236",Aug 2009,NA,12.8570820333852,NA,NA,65.405,NA,11.88,13.61,0.700900243354706,NA,91.8852,NA,17.47,5.88,1.483,5.140614,15.2,7.806613,1.37084172296043,31.6275,8.2
"237",Sep 2009,NA,15.8902,NA,NA,64.1077,NA,11.82,14.37,0.686827385323768,NA,92.0452380952381,NA,17.77,5.91,1.48668333333333,5.0309,14.7,7.999017,1.34331760503779,30.8114,8.28
"238",Oct 2009,NA,14.947701192666,NA,NA,62.8778,NA,11.7,13.35,0.674986591331823,NA,92.4238095238095,NA,19.28,6.01,1.46781612903226,4.890609,14.1,8.000168,1.32015902492452,29.4748,8.21
"239",Nov 2009,NA,12.9106221217721,NA,NA,63.2093,NA,11.6,12.73,0.670522419450853,NA,92.3389473684211,NA,20.59,NA,1.483875,4.8852,13.8,7.9944,1.31142786363456,28.9831,8.12
"240",Dec 2009,NA,12.2013402808787,NA,NA,65.7332,NA,11.12,11.78,0.684974878353703,NA,93.9842857142857,NA,19.59,NA,1.50211774193548,4.979623,13.7,7.9778,1.33969441633052,29.9354,8.1
"241",Jan 2010,NA,12.3652004538127,NA,NA,68.1602,NA,10.97,11.52,0.700779457785641,NA,96.8431578947368,NA,18.3,NA,1.47246129032258,5.09849,13.9,7.996958,1.37060548692089,29.9437,8.06
"242",Feb 2010,NA,13.6602695455061,NA,NA,72.22,NA,10.86,12.68,0.73076528482177,NA,101.3365,NA,18.59,NA,1.51501785714286,5.327413,12.7,8.000261,1.42925266701296,30.1884,7.87
"243",Mar 2010,NA,16.4322837948329,NA,NA,73.456,NA,10.2,11.26,0.73569529496256,NA,102.507272727273,NA,17.5356,NA,1.53101774193548,5.346701,11.8,7.9671,1.43889492874662,29.5644,7.71
"244",Apr 2010,NA,14.814659954775,NA,NA,74.0583,NA,10.28,10.85,0.745838771978501,NA,103.023636363636,NA,16.7878,NA,1.48865333333333,5.405008,11.4,7.925713,1.45873384539871,29.198,7.68
"245",May 2010,NA,14.9944245997316,NA,NA,80.5496,NA,10.59,10.35,0.796252597,NA,108.732857142857,NA,15.7883,NA,1.54196774193548,5.752744,11.3,7.925723,1.55733471679051,30.3512022253438,7.63
"246",Jun 2010,NA,12.8025175514641,NA,NA,84.6696,NA,10.35,10.58,0.819193270300737,NA,111.885,NA,15.3704,NA,1.57389166666667,5.921915,11.4,7.915733,1.60220277385229,31.1673803131406,7.57
"247",Jul 2010,NA,11.8297,NA,NA,82.0038,NA,10.31,10.74,0.782584349263128,NA,106.630454545455,NA,14.5949,NA,1.53692258064516,5.667137,10.5,7.901555,1.5306019478193,30.6847,8.19
"248",Aug 2010,NA,11.7003624813739,NA,NA,81.5721,NA,10.36,11.65,0.775757685165167,NA,105.592727272727,NA,13.8828,NA,1.50712580645161,5.613821,10,7.890297,1.51725015337659,30.3421056160552,8.27
"249",Sep 2010,NA,10.7627906921266,NA,NA,80.8842,NA,10.19,16.15,0.76517574280804,NA,104.805714285714,NA,14.6472,NA,1.49184166666667,5.593489,9.7,7.910343,1.49655367305625,30.8359723135631,8.04
"250",Oct 2010,NA,11.5662941165004,NA,NA,76.5438,NA,10.23,16.67,0.719577465994029,NA,99.6,NA,14.8861,NA,1.42298387096774,5.270324,8.9,7.910494,1.4073711953151,30.3197669909653,7.93
"251",Nov 2010,NA,11.2521343375486,NA,NA,78.2939,NA,10.28,17.68,0.732404891089948,NA,101.33,NA,14.0578,NA,1.4359,5.38424,9.1,7.927793,1.43245945814045,30.9672,7.87
"252",Dec 2010,NA,11.6873210966015,NA,NA,80.3357,NA,9.9,17.3,0.756514612708495,NA,104.95,NA,15.9798,NA,1.5164,5.594845,9.1,7.955703,1.47961397497366,30.8521566006033,7.84
"253",Jan 2011,NA,14.037984165747,NA,NA,78.6004,NA,10.29,18.67,0.748502994011976,NA,103.84,NA,14.4304,NA,1.5609,5.537878,8.6,7.949697,1.46394461077844,30.0843,7.78
"254",Feb 2011,NA,21.2216937104454,NA,NA,75.7607,NA,10.21,18.7,0.732654406916258,NA,102.2735,NA,13.9813,NA,1.5874,5.431365,8.7,7.940793,1.43294746867902,29.2942,7.7
"255",Mar 2011,NA,11.1809393221069,NA,NA,73.8216,NA,9.86,18.4,0.714336738338453,NA,100.165714285714,NA,14.8681,NA,1.576,5.285354,8.7,7.943965,1.3971212229445,28.4308,7.54
"256",Apr 2011,NA,11.6919686995006,NA,NA,70.2272,NA,9.72,18.64,0.69242487,NA,97.89,NA,14.7169,NA,1.5179,5.105235,8.4,7.96495,1.3542653334921,28.1039658169972,7.49
"257",May 2011,NA,11.1686952000999,NA,NA,68.6413,NA,10.23,18.03,0.696974571941297,NA,98.7854545454546,NA,15.0426,NA,1.5708,5.1423,8,7.974597,1.36316377703995,27.8695647992585,7.46
"258",Jun 2011,NA,12.6907356505751,NA,NA,69.3454,NA,9.82,19.38,0.69502363,NA,98.6504545454545,NA,15.8322,NA,1.5982,5.148899,8.6,7.97325,1.3593480662629,27.9840581618384,7.54
"259",Jul 2011,NA,11.1999938915139,NA,NA,71.578,NA,8.93,19.1,0.701707388,NA,97.9752380952381,NA,15.2089,NA,1.6506,5.193281,7.9,7.971203,1.37242036067204,27.8998790160716,7.39
"260",Aug 2011,NA,11.6336103515137,NA,NA,71.3588,NA,9.17,17.84,0.697230467644263,NA,97.48,NA,15.5927,NA,1.7543,5.192441,7.9,7.971123,1.36366426553268,28.7673,7.41
"261",Sep 2011,NA,11.5665987984138,NA,NA,73.4088,NA,9.17,18.45,0.727339574457597,NA,102.02,NA,16.0517,NA,1.7902,5.420572,8,7.97283,1.4225525599114,30.4905,7.31
"262",Oct 2011,NA,10.8905184349429,NA,NA,73.4005,NA,9.77,18.9,0.72960747,NA,102.764,NA,18.7746,NA,1.8264,5.467645,8.6,7.974674,1.4269881780501,31.3511884787361,7.16
"263",Nov 2011,NA,11.3926661741839,NA,NA,75.7052,NA,9.68,17.5,0.737680732,NA,103.817,NA,18.9633,NA,1.80294333333333,5.512767,8.8,7.98392,1.44277810606756,30.8597,7.26
"264",Dec 2011,NA,10.5097787861718,NA,NA,78.1529,NA,9.36,17.17,0.7587802,NA,105.078095238095,NA,17.904,NA,1.86381129032258,5.6887,9.3,7.989752,1.484045078566,31.4526401782608,7.14
"265",Jan 2012,NA,11.14351007976,NA,NA,81.4112,NA,9.67,16.13,0.77489345215,NA,107.103333333333,NA,16.4195,NA,1.83792258064516,5.846617,8.8,7.989794,1.51555986051853,31.5095093616411,7.634
"266",Feb 2012,NA,9.90736226942619,NA,NA,81.703,NA,9.88,17.58,0.756200847,NA,105.324761904762,NA,16.0629,NA,1.75434482758621,5.733239,8.9,7.988448,1.47900030258801,29.8819592331582,7.03466666666667
"267",Mar 2012,NA,12.6775296240791,NA,NA,83.9011,NA,9.65,18.02,0.75751837,NA,105.9735,NA,16.0339,NA,1.78399838709677,5.709035,9.2,7.986242,1.4815771535971,29.3958,7.579
"268",Apr 2012,NA,11.3301039002985,NA,NA,84.7767,NA,9.4,18.2,0.759762954,NA,106.347619047619,NA,15.5042,NA,1.78212666666667,5.691287,9,7.98672,1.48596717832182,26.426555064167,7.419
"269",May 2012,NA,11.2761059809538,NA,NA,88.5107,NA,9.48,18.06,0.781922,NA,108.962272727273,NA,15.558,NA,1.80241451612903,5.870676,8.9,7.990777,1.52930650526,30.6482,7.49033333333333
"270",Jun 2012,NA,10.7750924326313,NA,NA,92.3281,NA,9.32,17.33,0.798339453935814,NA,110.484285714286,NA,18.1042,NA,1.82073166666667,6.02671,9.3,7.9925,1.56141625419128,32.9132,7.33333333333333
"271",Jul 2012,NA,11.7805214605307,NA,NA,94.6657,NA,9.23,18.43,0.81406708,NA,111.768636363636,NA,19.7743,NA,1.80905,6.089386,9.5,7.992871,1.5921768170764,32.5,7.473
"272",Aug 2012,NA,10.6982765646597,NA,NA,95.3006,NA,9.57,18.98,0.806452,NA,110.7878261,NA,20.5531,NA,1.79173870967742,6.042111,9.1,7.993,1.57728301516,32.033,7.204
"273",Sep 2012,NA,9.97657662024051,NA,NA,90.7083,NA,9.58,18.33,0.7778,NA,108.104,NA,19.3162,NA,1.79830666666667,5.787501,8.9,7.993,1.521244574,31.5272850062338,7.286
"274",Oct 2012,NA,9.43938238447071,NA,NA,87.855,NA,9.18,18.62,0.770772314,NA,107.786,NA,21.7682,NA,1.79771290322581,5.783514,9.1,7.993,1.50749961489062,31.0920353002745,7.05666666666667
"275",Nov 2012,NA,11.2158139638529,NA,NA,87.9326,NA,9.55,18.54,0.779544745868413,NA,109.005,NA,23.1741,NA,1.78974666666667,5.876333,9.1,7.993,1.52465700031182,31.4100796033526,7.235
"276",Dec 2012,NA,10.3438832301793,NA,NA,86.5866,NA,9.26,18.2,0.76225,NA,106.5685,NA,18.438,NA,1.78391774193548,5.747093,9.4,7.993,1.4908314175,30.7403526550733,7.202
"277",Jan 2013,NA,9.80021649549218,NA,NA,84.1702,NA,9.08,17.38,0.75256,NA,104.9628571,NA,17.6821,NA,1.76741129032258,5.701444,8.8,7.993,1.4718794248,30.257811124984,6.97040201625143
"278",Feb 2013,NA,11.1289286501589,NA,NA,83.3515,NA,9.19,18.33,0.748559023879033,NA,104.6085,NA,17.0437,NA,1.77228928571429,5.664825,9.6,7.993,1.46405419567333,30.1608371320481,6.98023204948506
"279",Mar 2013,NA,9.6707,NA,NA,86.1783,NA,9.21,19.47,0.77136686,NA,107.811052631579,NA,17.4139,NA,1.80871129032258,5.846774,10,7.993,1.5086624457938,30.7983714990946,7.08683406463025
"280",Apr 2013,NA,8.84958296003513,NA,NA,85.6813,NA,9.18,19.21,0.7677,NA,107.8631818,NA,16.3679,NA,1.79807666666667,5.845017,10.2,7.993,1.501490691,31.3290071613254,7.04163370378877
"281",May 2013,NA,11.5961388314066,NA,NA,85.6255,NA,9.26,18.75,0.7703,NA,108.5581818,NA,16.7625,NA,1.82122903225806,5.828459,9.9,7.993,1.506575849,31.2406147157314,7.26945077591099
"282",Jun 2013,NA,9.56399266360899,NA,NA,86.4037,NA,9.14,17.49,0.758207597,NA,106.892,NA,15.9478,NA,1.89563166666667,5.687173,9.5,7.993,1.48292516444051,32.2777639061442,6.92123833579382
"283",Jul 2013,NA,11.3571524409604,NA,NA,87.0417,NA,9.16,18.49,0.764525993883792,NA,107.2665217,NA,16.5939,NA,1.93270161290323,5.733695,9.2,7.993,1.49528287461774,32.7364128846722,6.65889911823436
"284",Aug 2013,NA,10.0127030540367,NA,NA,85.6022,NA,9.47,18.78,0.751314800901578,NA,105.1966667,NA,15.717,NA,1.95859032258065,5.647567,9.3,7.993,1.46944402704733,33.0154278112175,7.02033553075922
"285",Sep 2013,NA,8.87804985078679,NA,NA,85.9052,NA,9.35,18.92,0.74917590650284,NA,105.31,NA,15.8219,NA,2.0196,5.690963,9.5,7.993,1.46526071321545,32.6284295149345,7.21066500253586
"286",Oct 2013,NA,9.94364629804384,NA,NA,83.7381,NA,9.24,18.76,0.7334,NA,103.2740909,NA,15.7899,NA,1.9880435483871,5.585714,9.2,7.993,1.434405722,32.0622479332239,7.01552937482496
"287",Nov 2013,NA,9.01813512593963,NA,NA,84.4711,NA,9.34,17.23,0.7411,NA,103.9057895,NA,16.9575,NA,2.02391,5.651523,9,7.993,1.449465613,32.6448,7.02609481495631
"288",Dec 2013,NA,8.10000576131684,NA,NA,83.7374,NA,9.34,17.07,0.7297,NA,102.3752381,NA,17.6923,NA,2.05902419354839,5.575408,9.4,7.993,1.427169151,32.894,7.23126254884133
"289",Jan 2014,NA,9.35600201902723,NA,NA,84.8058,NA,8.53,18.29,0.734753857457752,NA,103.244285714286,NA,15.707,NA,2.21605,5.597005,9.2,7.993,1.4370536370316,33.457,6.96377724200883
"290",Feb 2014,NA,8.76772682697869,NA,NA,84.8934,NA,8.71,17.65,0.732118017424409,NA,102.748,NA,20.038,NA,2.21598035714286,5.609337,9.4,8.654882,1.43189838201918,35.2237,6.70997691546903
"291",Mar 2014,NA,9.34043151182826,NA,NA,83.7803,NA,8.5,16.55,0.723431961224047,NA,101.5485,NA,19.9947,NA,2.21773548387097,5.538285,10.3,9.920029,1.41490993272083,36.211,6.92588608536535
"292",Apr 2014,NA,7.99560951393344,NA,NA,83.6824,NA,NA,16.55,0.723955693911533,NA,101.352727272727,NA,17.7425,NA,2.13007833333333,5.522142,10.5,11.634154,1.41593426482299,35.6618,6.73513972394957
"293",May 2014,NA,8.60531132276402,NA,NA,84.2142,NA,NA,16.05,0.728226041363239,NA,101.892380952381,NA,18.5123,NA,2.09395967741935,5.52416,10.6,11.637603,1.42428633847946,34.9269,6.94746888719458
"294",Jun 2014,NA,9.40420202162309,NA,NA,84.9595,NA,NA,12.19,0.735726898175397,NA,103.086190476191,NA,17.75,NA,2.11730833333333,5.57476,10.7,11.808719,1.43895673925839,34.4065,6.58352465822276
"295",Jul 2014,NA,8.3120275887614,NA,NA,85.7814,NA,NA,12.58,0.738606987222099,NA,103.255,NA,16.6453,NA,2.11760322580645,5.607284,10.7,11.754282,1.4445897038186,34.6352,6.98096001820547
"296",Aug 2014,NA,8.61153715600135,NA,NA,88.0513,NA,NA,13.02,0.750976269149895,NA,104.575238095238,NA,17.5796,NA,2.16104032258064,5.724264,10.6,12.950088,1.46878191649144,36.1099728863959,6.94640207502763
"297",Sep 2014,NA,9.3782,NA,NA,91.8623,NA,NA,13.83,0.775133710565072,NA,108.411363636364,NA,17.0186,NA,2.20753666666667,5.889556,10.6,13.023321,1.51602976513448,37.8695154769403,6.40591085257693
"298",Oct 2014,NA,7.8598,NA,NA,94.0946,NA,NA,13.95,0.789079144638207,NA,110.00652173913,NA,16.7921,NA,2.26104193548387,6.037462,10.8,12.949826,1.54330466345774,40.7589,6.16093866424713
"299",Nov 2014,NA,8.08370982067452,NA,NA,96.1138,NA,NA,13.49,0.801796023,NA,111.986315789474,NA,17.4574,NA,2.234215,6.141372,12,14.697702,1.56817671566409,45.8648973696659,6.01851228408947
"300",Dec 2014,NA,8.18885194941327,NA,NA,98.6247,NA,NA,14.81,0.810964236477171,NA,113.644285714286,NA,17.379,NA,2.28995967741935,6.212358,18.3,15.616307,1.58610818262915,55.4131,6.31960626707947
"301",Jan 2015,NA,8.21037361102131,NA,NA,105.7234,NA,NA,14.6,0.86051114361931,NA,120.726,NA,17.8625,NA,2.33160322580645,6.595428,19.9,15.812726,1.68301351002496,61.6987575066538,6.38768121469124
"302",Feb 2015,NA,8.1712,NA,NA,106.9989,NA,NA,16.75,0.881057268722467,NA,123.455,NA,19.278,NA,2.45720357142857,6.785967,18.1,24.479893,1.72319823788546,64.6323693746473,6.41503234434318
"303",Mar 2015,NA,9.3018,NA,NA,111.1784,NA,NA,16.5,0.922679461155195,NA,129.663181818182,NA,23.458,NA,2.58888870967742,7.047619,17.9,23.256215,1.80460417051116,60.2342744254407,6.25650626227731
"304",Apr 2015,NA,10.1824681073177,NA,NA,111.1863,NA,NA,15.71,0.927729845069116,NA,129.9685,NA,23.9279,NA,2.65362,7.057815,17.2,22.709473,1.81448186288153,52.8694,6.0683455440538
"305",May 2015,NA,8.8608,NA,NA,108.0282,NA,NA,15.11,0.896860986547085,NA,126.1935,NA,23.6683,NA,2.6428,6.762653,16,20.915256,1.75410762331839,50.5807,6.00141493377312
"306",Jun 2015,NA,9.28105326961106,NA,NA,107.4989,NA,NA,13.52,0.891821992330331,NA,125.607727272727,NA,22.6267,NA,2.69995166666667,6.761819,15.5,21.232832,1.74425220725943,54.4998,5.63809564294315
"307",Jul 2015,NA,7.49211908591698,NA,NA,109.2394,NA,NA,13.18,0.909421607857403,NA,126.986818181818,NA,21.91,NA,2.69160967741935,6.879663,14.7,21.757373,1.77867406329574,57.0673,5.79300932644507
"308",Aug 2015,NA,8.27658880964752,NA,NA,107.9514,NA,NA,12.82,0.897746655893707,NA,125.392380952381,NA,22.0854,NA,2.84792258064516,6.784488,14.2,21.6268673,1.75583984199659,65.1515,5.342860759968
"309",Sep 2015,NA,8.11274542182438,NA,NA,106.9217,NA,NA,11.74,0.89118616879066,NA,124.186666666667,NA,22.0818,NA,3.00594166666667,6.745421,13.97,21.7834192,1.74300864450584,66.7662,5.27826863333906
"310",Oct 2015,NA,9.8123833177856,NA,NA,106.9223,NA,NA,11.24,0.890075656,NA,124.208571428571,NA,21.9017,NA,2.924735,6.780515,13.58,21.8413074,1.74083667027448,63.0652,5.47280582605312
"311",Nov 2015,NA,8.37995413558761,NA,NA,112.2435,NA,NA,NA,0.931445603576751,NA,128.504,NA,21.8219,NA,2.87571333333333,7.063317,13.75,23.3126251,1.82174925484352,65.026,5.07183723963993
"312",Dec 2015,NA,8.63,NA,NA,111.8447,NA,NA,NA,0.919371150133309,NA,126.637619047619,NA,21.2531,NA,2.92011290322581,7.03494,13.8,23.4083862,1.79813367656523,69.6603,5.7407981576552
